"order_id","order_value"
"CA-2014-145317",23661.24
"CA-2016-118689",18336.74
"CA-2017-140151",14052.48
"CA-2017-127180",13716.46
"CA-2014-139892",10539.90
"CA-2017-166709",10499.97
"CA-2014-116904",9900.19
"CA-2016-117121",9892.74
"US-2016-107440",9135.19
"CA-2016-158841",8805.04
"CA-2016-143714",8539.02
"CA-2014-143917",8319.29
"US-2017-168116",8167.42
"US-2015-126977",7678.22
"CA-2017-100111",7359.92
"CA-2014-145541",6999.96
"CA-2015-145352",6412.77
"CA-2014-128209",6160.62
"US-2016-143819",6125.82
"CA-2015-114811",5850.51
"CA-2017-138289",5802.70
"US-2014-106992",5579.94
"US-2016-140158",5549.41
"CA-2017-143112",5509.14
"CA-2017-135909",5325.88
"CA-2017-149881",5282.64
"CA-2016-108196",5016.56
"CA-2016-136301",4940.87
"US-2015-128587",4909.61
"CA-2016-128818",4835.97
"CA-2016-100300",4823.09
"CA-2014-164973",4807.37
"CA-2017-158379",4749.33
"CA-2016-138478",4685.08
"CA-2014-168494",4630.51
"US-2017-167402",4619.33
"CA-2015-111829",4607.27
"CA-2017-129021",4590.35
"CA-2014-144624",4548.81
"CA-2017-121559",4472.32
"CA-2016-129714",4438.69
"CA-2017-118892",4416.17
"CA-2016-103982",4406.07
"CA-2015-117086",4404.90
"CA-2014-167199",4374.88
"US-2017-102183",4337.64
"CA-2016-113831",4317.30
"CA-2015-116638",4297.64
"CA-2014-160766",4283.79
"CA-2014-102988",4251.92
"CA-2015-137113",4210.65
"CA-2015-147830",4190.20
"CA-2017-127432",4189.38
"CA-2016-159016",4173.81
"CA-2017-168109",4150.97
"CA-2016-107104",4104.17
"CA-2015-120782",3999.70
"CA-2016-122903",3963.57
"CA-2017-117457",3955.51
"CA-2015-149846",3862.10
"CA-2017-119809",3859.49
"CA-2014-116246",3785.29
"CA-2014-163223",3769.56
"CA-2015-102491",3747.93
"CA-2014-131926",3745.63
"CA-2017-102204",3740.51
"CA-2014-115812",3714.29
"CA-2015-158421",3631.96
"US-2017-110576",3629.93
"CA-2016-124590",3588.09
"CA-2016-160717",3528.49
"CA-2014-125997",3519.37
"CA-2017-165323",3505.84
"CA-2017-137596",3480.96
"US-2014-148838",3455.14
"CA-2015-124891",3419.87
"CA-2017-166093",3397.74
"CA-2015-164301",3393.68
"CA-2015-131338",3385.62
"US-2015-160857",3384.51
"CA-2016-169663",3384.45
"CA-2017-133865",3359.95
"CA-2016-145625",3354.98
"US-2016-126452",3339.12
"CA-2014-117639",3333.90
"US-2015-134558",3332.97
"US-2015-150630",3329.43
"CA-2017-122490",3321.27
"CA-2017-143567",3291.07
"CA-2014-144414",3290.52
"CA-2015-135580",3251.34
"US-2014-131275",3247.16
"CA-2016-133711",3236.41
"US-2015-163825",3184.36
"CA-2015-121720",3165.74
"CA-2016-135265",3136.87
"CA-2014-119375",3116.49
"CA-2017-133263",3098.61
"CA-2017-141439",3083.94
"CA-2017-159366",3059.98
"CA-2017-152912",3013.78
"US-2017-105935",3002.65
"CA-2017-161956",2971.79
"CA-2017-145219",2970.43
"CA-2017-119284",2942.80
"US-2017-163300",2911.78
"US-2016-163881",2904.57
"CA-2017-115602",2888.52
"CA-2014-136567",2884.37
"US-2016-116729",2875.54
"CA-2014-120474",2854.48
"CA-2014-133592",2846.22
"CA-2016-129630",2824.23
"CA-2015-164777",2803.92
"US-2015-100377",2799.96
"CA-2016-163804",2781.77
"CA-2017-157854",2747.25
"US-2017-141677",2737.67
"CA-2014-154627",2735.95
"CA-2015-139731",2717.31
"CA-2014-127299",2692.33
"CA-2017-123967",2690.74
"US-2016-164196",2678.94
"CA-2015-111038",2676.67
"CA-2016-163167",2673.69
"CA-2015-124450",2670.19
"CA-2016-114489",2657.81
"CA-2014-169019",2656.72
"CA-2015-146563",2645.02
"CA-2015-123113",2643.06
"CA-2017-112333",2633.51
"CA-2015-160227",2621.32
"CA-2016-108987",2620.94
"CA-2017-134845",2613.31
"US-2017-161935",2610.74
"CA-2017-107174",2595.39
"CA-2014-141313",2583.19
"CA-2015-155306",2572.50
"CA-2015-120677",2567.84
"CA-2017-156776",2563.31
"CA-2016-169670",2563.06
"CA-2015-164882",2562.17
"US-2016-114013",2550.59
"CA-2016-168354",2545.12
"CA-2015-162782",2541.98
"CA-2015-105627",2531.88
"CA-2017-168858",2521.48
"CA-2015-109575",2503.82
"CA-2016-104157",2503.47
"CA-2017-160885",2479.96
"US-2017-118087",2457.14
"CA-2016-105081",2445.60
"US-2017-162558",2437.69
"US-2017-135013",2399.96
"CA-2016-107202",2396.40
"CA-2017-128363",2382.92
"CA-2016-147256",2377.56
"CA-2016-105732",2374.73
"CA-2017-138975",2361.52
"CA-2014-122931",2358.67
"CA-2014-126683",2354.98
"CA-2017-121027",2340.06
"CA-2015-169796",2339.84
"CA-2016-114727",2331.84
"CA-2014-126403",2304.37
"CA-2015-137974",2298.90
"US-2016-113677",2294.90
"CA-2017-120376",2283.43
"CA-2017-150091",2258.28
"CA-2017-157987",2255.87
"CA-2015-135685",2233.02
"CA-2017-149048",2229.18
"CA-2015-113145",2220.06
"CA-2014-110408",2216.80
"CA-2015-130659",2201.86
"US-2015-128090",2200.32
"CA-2017-142090",2165.66
"CA-2015-121783",2165.12
"CA-2014-128524",2158.69
"CA-2015-121797",2147.34
"CA-2016-143805",2145.25
"CA-2014-126361",2126.03
"CA-2014-145387",2116.51
"CA-2017-121790",2113.57
"CA-2017-117212",2110.72
"CA-2017-149559",2089.41
"CA-2015-135622",2079.11
"US-2016-108504",2075.51
"CA-2016-131737",2073.35
"CA-2016-168032",2067.80
"CA-2014-166954",2061.01
"CA-2014-169726",2060.74
"CA-2017-123372",2059.85
"CA-2016-133935",2056.01
"CA-2014-131450",2049.82
"CA-2017-141733",2049.53
"CA-2015-113404",2048.85
"US-2014-135972",2046.35
"CA-2017-111738",2031.39
"CA-2016-125087",2027.19
"CA-2014-134313",2027.15
"CA-2015-125976",2026.78
"CA-2015-121188",2017.54
"US-2017-118941",2017.32
"US-2017-167318",2012.30
"CA-2017-107517",2011.90
"US-2016-131611",2007.90
"CA-2016-155530",2003.52
"CA-2014-163748",2003.12
"CA-2016-157791",1999.96
"CA-2017-123491",1993.77
"CA-2017-155880",1986.52
"CA-2016-133725",1979.93
"CA-2014-120768",1979.89
"CA-2015-110863",1971.46
"CA-2015-111514",1966.56
"CA-2017-167752",1958.54
"CA-2015-114069",1952.81
"CA-2016-142335",1949.31
"CA-2015-157084",1941.81
"CA-2016-165330",1937.93
"CA-2017-136308",1919.98
"CA-2015-102582",1918.79
"US-2017-112347",1915.62
"CA-2015-160171",1910.70
"CA-2014-154893",1897.92
"CA-2017-159100",1893.79
"CA-2014-126760",1891.31
"US-2017-122714",1889.99
"CA-2014-151330",1885.27
"CA-2015-140984",1884.14
"CA-2017-147760",1883.72
"CA-2017-144491",1875.13
"CA-2015-126725",1873.61
"US-2017-105998",1872.93
"US-2014-147627",1859.40
"CA-2016-106950",1854.25
"CA-2017-151799",1843.40
"CA-2014-154599",1840.05
"US-2017-167920",1827.51
"US-2017-142188",1820.21
"CA-2015-146262",1816.69
"CA-2017-117324",1816.36
"US-2017-158526",1814.68
"CA-2014-124688",1812.01
"CA-2017-119452",1805.88
"CA-2016-126732",1804.25
"CA-2015-134719",1801.63
"US-2017-117723",1801.63
"CA-2016-105459",1800.17
"CA-2014-116666",1799.97
"CA-2016-101546",1793.98
"CA-2014-152268",1793.98
"CA-2017-141789",1793.98
"US-2015-127040",1782.17
"CA-2017-112515",1782.10
"CA-2014-107818",1771.52
"CA-2017-152975",1770.19
"CA-2014-103310",1769.78
"CA-2016-153598",1761.85
"CA-2015-141243",1757.86
"CA-2017-105669",1749.90
"CA-2016-169838",1745.91
"CA-2015-147788",1745.71
"CA-2015-126557",1745.40
"CA-2014-108147",1745.36
"US-2017-100930",1735.85
"CA-2014-125829",1729.42
"CA-2017-131254",1729.29
"US-2015-126214",1717.97
"CA-2015-115567",1716.16
"CA-2017-113418",1704.89
"CA-2016-152555",1702.39
"CA-2017-145884",1702.03
"US-2016-102239",1691.61
"CA-2017-105914",1687.26
"US-2015-163279",1685.46
"CA-2014-131387",1679.96
"CA-2014-157147",1679.75
"US-2016-121013",1678.00
"US-2016-165505",1672.31
"US-2016-100461",1671.93
"CA-2016-162390",1671.07
"CA-2017-148446",1669.60
"CA-2015-102281",1668.99
"CA-2017-158729",1665.62
"CA-2015-141565",1664.13
"CA-2014-105984",1661.03
"CA-2016-125220",1649.75
"CA-2017-143063",1645.87
"CA-2014-140858",1639.72
"CA-2014-165309",1639.50
"CA-2015-167010",1636.36
"CA-2015-155600",1635.02
"US-2017-120390",1633.19
"CA-2016-127138",1632.36
"CA-2017-118724",1629.71
"CA-2016-121370",1628.62
"CA-2016-130946",1616.70
"CA-2014-150798",1614.13
"CA-2016-102162",1611.01
"CA-2014-124856",1609.32
"CA-2016-105207",1604.73
"CA-2016-152247",1603.14
"CA-2016-128594",1603.14
"CA-2016-150350",1599.86
"CA-2016-109869",1588.33
"CA-2017-163006",1584.86
"CA-2017-103877",1577.94
"CA-2017-146983",1577.94
"CA-2014-150245",1573.49
"CA-2015-101889",1568.86
"CA-2016-165848",1562.69
"CA-2016-146934",1562.09
"CA-2017-111556",1559.67
"CA-2015-156482",1558.42
"CA-2016-107783",1556.69
"CA-2015-142944",1555.24
"CA-2014-151995",1549.77
"CA-2015-138009",1542.47
"CA-2017-103212",1541.51
"CA-2014-153850",1537.55
"CA-2015-166947",1522.64
"US-2014-119137",1520.38
"US-2017-109253",1520.15
"CA-2014-144666",1517.58
"CA-2016-142594",1517.05
"US-2017-109316",1515.19
"CA-2014-125731",1508.77
"CA-2014-127614",1508.13
"CA-2016-114867",1507.94
"CA-2016-135776",1506.02
"CA-2016-139997",1499.95
"CA-2017-116680",1491.61
"CA-2016-114972",1489.72
"CA-2014-103492",1488.77
"US-2017-134481",1488.42
"CA-2015-146675",1483.53
"CA-2014-114251",1476.84
"CA-2017-162691",1476.27
"CA-2016-131289",1475.58
"US-2017-155425",1475.05
"CA-2016-158694",1467.13
"CA-2016-169103",1466.32
"CA-2016-163328",1465.02
"US-2014-138247",1461.18
"CA-2017-162015",1455.55
"CA-2016-123540",1454.90
"US-2015-122784",1454.83
"CA-2015-100146",1452.79
"CA-2017-109085",1448.85
"CA-2015-162047",1448.82
"CA-2017-146535",1446.84
"CA-2015-132486",1446.78
"CA-2015-159534",1445.68
"CA-2017-127397",1443.72
"CA-2014-132612",1441.30
"CA-2016-147417",1439.98
"US-2017-147886",1435.96
"CA-2017-116988",1433.19
"CA-2016-129868",1431.07
"CA-2016-144764",1427.31
"US-2016-143448",1424.90
"CA-2015-153381",1423.34
"CA-2016-158099",1422.25
"CA-2014-108609",1421.66
"CA-2017-143686",1418.21
"CA-2014-114321",1417.35
"US-2016-160528",1416.31
"CA-2016-112697",1410.07
"US-2017-133200",1407.20
"CA-2016-146913",1403.92
"CA-2014-124247",1403.92
"CA-2016-155845",1399.94
"CA-2016-159891",1396.35
"CA-2014-165764",1395.67
"CA-2014-119151",1393.87
"CA-2016-113243",1388.78
"CA-2015-104626",1388.46
"CA-2016-111213",1384.92
"CA-2017-102379",1378.95
"CA-2016-147137",1376.45
"CA-2017-153045",1370.54
"CA-2014-163552",1368.62
"CA-2014-111192",1367.84
"CA-2016-110492",1366.04
"CA-2014-110786",1365.63
"CA-2017-122364",1365.48
"CA-2016-105256",1363.96
"CA-2015-119879",1363.67
"CA-2017-104640",1362.06
"CA-2015-105571",1361.64
"CA-2017-157966",1358.87
"US-2017-111423",1358.48
"CA-2016-138968",1356.57
"CA-2014-166863",1353.53
"CA-2015-154284",1349.63
"CA-2017-107167",1347.52
"US-2015-114741",1347.27
"CA-2015-140410",1345.42
"US-2017-169551",1344.84
"CA-2016-149279",1344.42
"CA-2014-143903",1340.97
"US-2015-129007",1336.35
"CA-2017-105851",1332.50
"CA-2017-142034",1331.82
"CA-2016-101791",1328.13
"CA-2014-128146",1326.69
"CA-2017-108574",1324.57
"CA-2017-147207",1322.74
"CA-2017-102750",1322.35
"CA-2016-147375",1321.47
"US-2016-138408",1319.96
"CA-2016-139269",1311.97
"CA-2017-111689",1311.37
"CA-2016-133550",1311.03
"CA-2014-166471",1310.34
"CA-2014-136399",1308.20
"CA-2015-157322",1305.81
"CA-2016-162355",1302.83
"US-2014-115196",1299.99
"US-2017-142573",1298.91
"CA-2017-100650",1295.78
"CA-2017-142342",1295.03
"US-2016-150140",1294.75
"CA-2016-128223",1293.49
"CA-2015-113152",1293.47
"CA-2015-148635",1288.85
"CA-2016-117590",1288.46
"CA-2016-134887",1287.45
"CA-2014-162775",1287.26
"CA-2016-109722",1284.80
"CA-2015-133585",1283.33
"CA-2016-152730",1282.61
"CA-2014-106376",1280.99
"CA-2017-126067",1278.16
"CA-2014-127446",1273.63
"CA-2015-112452",1273.61
"US-2014-144078",1272.70
"US-2014-123183",1271.42
"CA-2017-167395",1271.17
"CA-2015-120621",1270.38
"US-2016-141544",1269.86
"CA-2016-145905",1264.14
"CA-2016-142545",1263.67
"CA-2014-106726",1261.33
"CA-2016-162187",1252.64
"CA-2014-101931",1252.60
"CA-2017-128265",1247.64
"CA-2017-122693",1245.86
"US-2015-139675",1242.90
"CA-2017-110443",1242.63
"CA-2017-150266",1240.42
"CA-2017-127026",1239.83
"CA-2015-160472",1238.33
"US-2015-138121",1233.61
"CA-2017-105214",1231.50
"CA-2015-111780",1230.50
"CA-2015-117415",1228.96
"CA-2014-164315",1220.67
"CA-2016-163573",1219.96
"CA-2017-123085",1219.79
"CA-2015-153423",1217.57
"US-2014-117968",1217.38
"US-2014-118997",1215.92
"US-2016-155768",1215.72
"CA-2015-150714",1215.26
"CA-2014-141796",1214.85
"CA-2014-139192",1213.49
"CA-2014-152100",1212.96
"CA-2016-113607",1203.89
"CA-2015-166219",1203.44
"CA-2016-110499",1199.98
"CA-2014-111871",1198.33
"US-2017-166688",1196.32
"CA-2014-121006",1194.87
"US-2014-137869",1190.84
"CA-2014-134572",1190.53
"CA-2016-152289",1184.70
"CA-2016-110975",1179.83
"CA-2016-155516",1179.27
"CA-2014-116932",1173.62
"CA-2015-103835",1173.03
"CA-2017-152933",1171.79
"CA-2015-130974",1170.92
"CA-2015-146486",1170.72
"CA-2017-130841",1170.56
"CA-2017-125451",1169.98
"CA-2017-121839",1169.69
"US-2016-169040",1169.46
"CA-2014-163419",1167.29
"US-2016-167339",1167.06
"CA-2015-153549",1166.92
"CA-2014-146283",1166.71
"US-2016-150861",1165.33
"CA-2016-123946",1159.06
"US-2017-163790",1158.88
"CA-2014-159520",1158.44
"CA-2017-158561",1158.12
"CA-2016-114601",1157.98
"CA-2016-134803",1157.68
"US-2017-162670",1152.87
"CA-2016-116911",1148.81
"CA-2014-104563",1143.82
"CA-2015-165624",1142.43
"CA-2014-130428",1142.17
"US-2014-125521",1139.92
"US-2016-111290",1137.40
"CA-2015-136469",1136.90
"CA-2014-117464",1136.09
"CA-2015-132626",1133.82
"CA-2015-117800",1132.84
"CA-2017-130036",1132.56
"CA-2016-109344",1127.98
"CA-2015-110016",1126.83
"CA-2017-160633",1126.29
"CA-2014-168984",1122.97
"CA-2016-136406",1121.57
"CA-2016-157280",1120.73
"CA-2016-142958",1120.37
"CA-2016-148852",1119.15
"CA-2016-136812",1117.92
"CA-2015-165162",1117.92
"US-2015-161991",1116.48
"CA-2017-100097",1115.25
"CA-2016-132304",1115.17
"CA-2015-123141",1114.19
"CA-2017-140872",1111.69
"CA-2016-153178",1111.42
"CA-2014-138128",1110.65
"CA-2016-163776",1110.50
"CA-2016-106530",1110.35
"CA-2015-158491",1109.95
"CA-2014-124478",1109.73
"CA-2014-163468",1109.37
"CA-2017-122035",1107.68
"CA-2014-103100",1107.66
"CA-2016-162236",1106.93
"CA-2014-154963",1106.77
"CA-2015-126697",1102.47
"CA-2017-138149",1100.62
"CA-2015-154956",1099.96
"CA-2017-150420",1099.50
"US-2015-116981",1098.53
"CA-2017-102407",1096.49
"CA-2016-112123",1094.25
"CA-2016-158001",1091.44
"CA-2014-166086",1091.35
"CA-2017-150910",1090.35
"CA-2016-160108",1085.87
"CA-2016-155978",1085.69
"CA-2017-164112",1085.42
"CA-2016-144218",1085.42
"CA-2015-127509",1085.16
"CA-2017-162789",1083.07
"CA-2015-132465",1082.15
"CA-2017-121888",1081.69
"US-2017-165456",1079.32
"CA-2017-161774",1078.43
"CA-2017-151981",1077.47
"CA-2014-140662",1075.37
"CA-2017-117702",1071.74
"US-2017-117534",1069.13
"US-2017-128951",1065.84
"US-2017-106145",1065.22
"CA-2016-115917",1064.62
"US-2015-168704",1061.33
"US-2016-125402",1059.10
"CA-2016-124352",1058.27
"CA-2015-112130",1058.19
"CA-2017-108560",1058.11
"CA-2017-152310",1057.16
"CA-2016-102092",1056.86
"CA-2015-109638",1055.14
"CA-2016-146633",1054.93
"CA-2017-131828",1051.92
"CA-2014-112158",1050.60
"CA-2014-143371",1049.97
"US-2017-164056",1048.35
"CA-2015-133242",1046.47
"CA-2016-137743",1045.87
"CA-2016-105816",1045.21
"US-2017-102890",1044.63
"CA-2015-106320",1044.63
"CA-2014-102673",1044.44
"CA-2015-124800",1044.07
"CA-2016-129280",1043.05
"CA-2014-131002",1040.19
"CA-2015-130890",1038.84
"CA-2017-124205",1038.26
"US-2014-157385",1037.19
"CA-2015-145758",1035.80
"CA-2015-143105",1033.23
"CA-2017-100622",1030.74
"CA-2016-132997",1030.49
"CA-2016-101672",1027.68
"CA-2017-148404",1027.20
"CA-2016-158778",1024.64
"CA-2015-135174",1022.97
"CA-2014-129091",1022.61
"CA-2016-146206",1020.89
"CA-2017-145233",1020.26
"US-2016-103674",1018.30
"US-2015-157154",1018.10
"CA-2017-115882",1017.13
"CA-2016-107328",1016.18
"CA-2014-153913",1015.81
"US-2016-144057",1013.79
"CA-2015-153388",1011.70
"CA-2015-142601",1009.13
"CA-2014-103660",1007.94
"CA-2014-106439",1007.94
"CA-2017-147956",1003.62
"CA-2016-168753",1002.70
"US-2015-134026",1001.76
"CA-2016-140249",1001.58
"CA-2015-150875",1001.20
"CA-2014-160094",1000.95
"CA-2015-121650",1000.43
"CA-2017-138380",1000.02
"CA-2016-166429",999.98
"CA-2015-156104",999.98
"CA-2014-121629",998.85
"CA-2016-140382",997.93
"CA-2017-164756",997.83
"CA-2017-121489",994.46
"CA-2016-152156",993.90
"CA-2014-145254",992.83
"CA-2015-130113",991.26
"CA-2017-121048",988.21
"US-2017-141558",987.18
"CA-2017-166436",983.17
"US-2015-108966",979.95
"US-2017-166324",979.62
"CA-2015-137946",979.10
"CA-2017-105410",976.82
"CA-2016-112669",976.52
"CA-2015-109512",976.35
"CA-2015-104941",976.29
"US-2017-113992",974.99
"CA-2015-154326",974.90
"CA-2017-134915",972.08
"CA-2015-166583",971.88
"CA-2014-146969",968.30
"CA-2016-145730",962.41
"US-2016-164630",959.97
"CA-2016-114104",959.55
"US-2017-116652",959.20
"CA-2017-112753",956.80
"US-2016-110170",956.66
"CA-2017-151750",954.90
"CA-2017-108441",954.55
"CA-2017-104731",951.98
"CA-2017-147277",949.77
"CA-2014-148383",946.76
"CA-2015-110548",946.34
"US-2014-155502",944.61
"US-2016-115441",941.18
"CA-2015-162201",937.61
"US-2017-130953",935.74
"CA-2014-120838",935.15
"CA-2016-156748",933.95
"CA-2017-132290",933.41
"CA-2017-139199",927.44
"CA-2014-124429",926.44
"CA-2015-136805",925.83
"CA-2017-128944",921.23
"CA-2016-132829",921.03
"CA-2015-142755",919.49
"CA-2016-100993",918.97
"CA-2017-143245",916.59
"CA-2017-119578",916.14
"CA-2017-104801",914.12
"CA-2017-107132",913.17
"CA-2015-120362",912.75
"CA-2017-142622",911.82
"CA-2016-156685",911.26
"CA-2015-133452",910.79
"CA-2017-154410",909.12
"CA-2017-128853",908.82
"CA-2014-140396",907.56
"US-2014-141215",906.43
"CA-2017-116519",904.90
"US-2014-165659",904.13
"CA-2017-161410",904.12
"CA-2016-168893",903.77
"CA-2016-118745",902.71
"CA-2017-155460",901.20
"CA-2016-150945",900.08
"CA-2015-103933",899.91
"CA-2016-145177",899.60
"CA-2017-105333",899.11
"CA-2015-108665",896.38
"CA-2015-149342",896.31
"CA-2017-130302",895.94
"CA-2017-147291",895.92
"US-2016-123750",895.06
"CA-2015-107678",893.09
"CA-2017-115154",892.98
"CA-2015-161452",892.22
"CA-2016-123358",891.96
"CA-2014-109897",891.78
"CA-2017-111332",891.53
"CA-2017-127782",891.51
"CA-2014-137274",890.84
"US-2017-100048",889.29
"CA-2016-161907",887.96
"CA-2014-168130",887.10
"US-2014-106299",886.28
"CA-2016-127761",885.57
"CA-2016-133795",885.03
"CA-2016-114860",884.68
"CA-2015-135538",883.84
"CA-2016-160535",883.32
"CA-2017-135937",882.99
"CA-2017-121853",878.82
"CA-2016-164399",878.33
"CA-2014-125556",876.73
"CA-2017-113705",874.80
"US-2016-105578",874.31
"CA-2017-168389",873.81
"CA-2017-147032",872.50
"CA-2016-113292",871.80
"US-2017-124821",871.40
"CA-2017-121503",871.03
"CA-2016-148684",870.04
"CA-2017-166695",868.45
"CA-2016-100944",868.14
"CA-2015-145814",867.74
"CA-2014-124702",867.74
"CA-2016-118514",866.40
"CA-2017-155705",866.40
"CA-2014-102274",865.50
"CA-2017-117401",865.00
"CA-2016-127698",863.93
"CA-2017-117079",863.88
"CA-2016-144148",863.13
"CA-2014-137092",862.20
"CA-2015-143364",860.92
"CA-2015-154746",860.07
"CA-2016-108056",859.20
"CA-2016-137043",859.14
"CA-2014-111451",855.27
"CA-2014-142839",853.09
"CA-2017-128734",850.92
"CA-2017-140326",849.84
"CA-2017-121083",847.46
"CA-2015-140025",847.20
"CA-2015-138898",845.73
"US-2016-162852",845.49
"CA-2017-101042",843.84
"CA-2016-149797",841.57
"CA-2014-121573",840.72
"CA-2016-157336",840.00
"CA-2016-153682",839.99
"CA-2016-152471",839.94
"CA-2017-155376",839.43
"CA-2017-161046",839.25
"US-2017-105389",837.79
"CA-2016-127649",837.60
"US-2015-130512",837.45
"US-2016-142685",835.17
"CA-2017-132178",832.96
"US-2015-126753",832.44
"CA-2014-162992",832.14
"CA-2016-168046",831.50
"CA-2017-167941",831.36
"CA-2017-157931",830.24
"CA-2017-160325",829.83
"CA-2014-136336",828.84
"CA-2015-110765",824.97
"CA-2017-140963",823.73
"US-2016-168620",823.61
"US-2015-164308",821.94
"CA-2017-122504",821.51
"CA-2016-169943",821.22
"CA-2017-114055",819.28
"CA-2017-144498",817.83
"CA-2014-111962",817.80
"US-2016-146066",815.29
"CA-2016-131835",815.12
"US-2017-116897",814.53
"CA-2016-164770",812.68
"CA-2017-137022",811.28
"CA-2015-115798",810.20
"US-2014-140914",808.92
"CA-2017-110905",808.92
"CA-2015-157770",808.67
"US-2017-165358",807.89
"CA-2014-158372",807.69
"CA-2015-146255",807.54
"CA-2015-102876",806.40
"CA-2017-120168",806.05
"CA-2017-118199",805.99
"CA-2014-101602",803.96
"CA-2014-127558",803.04
"CA-2016-145919",802.02
"CA-2015-165050",801.99
"US-2016-157490",801.55
"CA-2014-120670",799.92
"CA-2016-157259",799.56
"CA-2017-153871",798.93
"CA-2015-124975",796.43
"US-2015-159982",796.32
"CA-2017-102925",796.03
"CA-2014-141649",795.41
"CA-2015-161718",794.57
"CA-2015-113628",792.51
"CA-2014-100916",788.86
"US-2014-119081",787.85
"CA-2015-110457",787.53
"CA-2016-136770",787.05
"CA-2016-153318",783.96
"CA-2014-114790",782.63
"CA-2017-100524",782.40
"CA-2017-106859",780.09
"CA-2014-103373",779.80
"CA-2017-130386",779.17
"US-2015-138093",776.44
"CA-2017-126914",776.08
"US-2014-115189",775.72
"US-2015-123218",775.01
"US-2015-132836",774.47
"CA-2014-166051",773.70
"US-2016-124163",773.59
"CA-2016-161025",772.68
"CA-2017-121419",771.80
"CA-2014-149104",770.61
"CA-2017-124436",770.21
"CA-2015-168746",769.34
"CA-2015-131856",769.02
"CA-2014-163447",767.21
"US-2017-124968",765.63
"CA-2014-103429",765.49
"CA-2015-102260",763.50
"CA-2017-152093",762.59
"US-2017-148551",760.98
"CA-2017-135279",760.80
"CA-2014-138940",758.35
"CA-2015-144806",757.70
"CA-2016-120369",756.80
"US-2016-157945",756.49
"US-2015-138303",755.10
"CA-2016-156300",754.45
"CA-2016-102981",754.21
"CA-2017-131807",753.11
"CA-2014-128846",752.92
"US-2016-100839",752.41
"CA-2017-137631",751.98
"CA-2014-129189",751.88
"CA-2015-109386",750.93
"CA-2017-121741",750.68
"CA-2017-112529",749.90
"CA-2016-107146",749.49
"US-2015-154389",748.75
"CA-2017-108539",745.28
"CA-2016-151561",744.15
"CA-2016-133816",743.99
"CA-2015-127173",743.43
"US-2014-167262",742.34
"CA-2015-120880",740.73
"CA-2017-129462",740.59
"CA-2017-113481",740.21
"CA-2016-127243",740.08
"CA-2017-103380",739.74
"CA-2015-168207",738.90
"CA-2017-137449",738.70
"CA-2016-121223",737.40
"US-2014-102715",737.20
"CA-2015-124107",736.47
"CA-2016-140130",736.26
"CA-2017-150497",735.98
"US-2014-137155",733.56
"CA-2015-130785",733.28
"US-2017-159205",732.93
"CA-2014-134551",732.31
"CA-2016-139395",732.17
"CA-2016-164574",732.16
"CA-2014-119144",730.85
"CA-2015-104346",730.05
"US-2014-159926",730.00
"CA-2017-113558",729.65
"CA-2017-164378",729.40
"CA-2017-165204",728.96
"CA-2016-108882",727.88
"CA-2017-161053",726.91
"CA-2017-113530",726.83
"CA-2014-128055",726.55
"CA-2017-163979",725.84
"CA-2014-159310",725.33
"CA-2016-112109",725.08
"US-2017-165344",725.08
"CA-2017-166184",724.85
"CA-2016-116736",724.55
"CA-2017-124765",723.92
"CA-2015-104948",723.16
"CA-2015-106257",721.49
"CA-2014-127131",721.48
"CA-2017-100951",720.76
"CA-2014-140473",719.98
"US-2014-140116",719.58
"CA-2017-134565",719.41
"CA-2017-154074",719.30
"US-2017-117247",719.10
"CA-2016-100790",718.95
"CA-2015-142202",717.12
"CA-2016-112585",715.64
"CA-2015-162887",715.20
"CA-2017-113670",715.19
"CA-2014-162089",714.96
"US-2016-152051",714.50
"CA-2015-158659",714.30
"CA-2016-127369",714.30
"US-2017-101539",712.97
"CA-2017-124296",712.85
"US-2015-156496",711.78
"CA-2014-152443",711.68
"CA-2017-141929",711.39
"CA-2017-149888",710.32
"CA-2014-169775",709.05
"CA-2014-167927",708.62
"CA-2014-140732",707.63
"CA-2016-168543",706.86
"CA-2014-129924",706.06
"CA-2014-169061",705.56
"CA-2016-118626",705.54
"CA-2015-137925",705.07
"CA-2017-163265",705.00
"US-2016-156097",703.68
"CA-2017-159149",702.85
"US-2015-147242",702.74
"CA-2017-169327",702.52
"CA-2017-143756",701.96
"US-2017-109610",701.96
"CA-2014-155887",700.06
"CA-2017-100902",699.40
"CA-2014-100090",699.19
"CA-2016-144309",698.50
"CA-2015-105690",697.82
"CA-2017-143378",697.62
"CA-2017-161067",697.52
"CA-2014-130624",697.32
"CA-2016-127670",697.16
"CA-2014-100678",697.08
"CA-2017-107321",696.08
"CA-2017-118885",695.95
"CA-2016-147368",695.70
"CA-2017-143574",694.67
"CA-2014-156594",694.53
"CA-2014-156160",693.99
"CA-2017-121300",693.14
"CA-2016-154662",692.94
"US-2015-136987",692.73
"CA-2016-120355",692.50
"CA-2015-166975",692.47
"CA-2015-137064",692.21
"CA-2017-144526",691.48
"CA-2017-159667",691.15
"CA-2015-163587",688.46
"CA-2014-169803",687.45
"CA-2015-103954",687.40
"CA-2016-158260",686.40
"CA-2016-126158",686.25
"US-2014-133130",685.90
"CA-2017-147361",685.26
"CA-2017-148922",684.78
"CA-2017-136448",684.10
"CA-2017-102337",683.02
"CA-2014-158274",682.91
"US-2017-136868",681.91
"CA-2016-131968",681.43
"US-2015-166520",680.78
"US-2016-167472",678.87
"CA-2017-116715",678.10
"CA-2016-157749",677.95
"CA-2015-142237",676.73
"CA-2017-163902",676.72
"CA-2017-146192",675.06
"CA-2017-168655",674.87
"US-2014-161613",674.06
"US-2015-115343",673.58
"CA-2017-130505",673.34
"CA-2015-110744",671.93
"CA-2015-163181",671.00
"CA-2014-159835",670.38
"CA-2015-156734",670.01
"US-2017-120418",668.74
"CA-2017-155698",668.54
"CA-2015-130456",667.38
"CA-2015-107937",665.88
"CA-2014-105893",665.88
"CA-2016-137050",663.96
"US-2016-135720",663.95
"US-2017-120089",663.94
"US-2017-124779",663.87
"CA-2014-124646",663.75
"CA-2014-107811",661.50
"CA-2016-125080",661.18
"CA-2017-117198",659.90
"CA-2015-124499",659.88
"CA-2016-120530",658.75
"CA-2016-132731",657.55
"CA-2017-139717",656.64
"US-2016-139087",656.40
"CA-2017-159506",656.22
"CA-2015-141040",655.88
"CA-2016-111682",655.09
"CA-2015-164084",654.78
"CA-2017-131954",654.25
"CA-2017-130764",652.51
"CA-2015-116876",652.41
"CA-2014-113880",651.59
"CA-2016-142398",651.50
"US-2016-127334",651.37
"CA-2014-135608",649.60
"CA-2017-109183",649.00
"CA-2014-136644",647.84
"US-2015-120161",646.78
"CA-2015-163055",646.63
"CA-2014-163034",646.20
"US-2016-113649",645.14
"CA-2015-124058",644.90
"US-2016-100720",644.20
"CA-2014-117765",643.78
"CA-2017-156951",643.52
"CA-2016-113978",642.02
"CA-2016-100510",641.98
"CA-2016-157245",641.96
"CA-2014-151295",641.02
"US-2017-148362",639.83
"US-2014-156559",638.82
"CA-2017-133004",638.73
"CA-2017-146164",638.68
"CA-2015-154823",637.27
"US-2017-127292",637.18
"CA-2016-115756",634.46
"CA-2016-160745",633.18
"CA-2016-109666",633.04
"CA-2015-135020",632.86
"CA-2015-144267",632.15
"CA-2017-119193",631.60
"CA-2017-155075",631.18
"CA-2014-122336",630.75
"CA-2016-130820",630.02
"CA-2017-159156",629.95
"CA-2017-128755",629.86
"CA-2017-103968",629.64
"CA-2016-159373",628.94
"CA-2015-169397",627.92
"CA-2017-101805",627.84
"CA-2015-112144",627.66
"CA-2015-116092",627.48
"CA-2017-104885",627.48
"CA-2014-105648",626.35
"US-2016-161396",624.58
"CA-2015-139248",623.96
"CA-2016-135461",623.96
"CA-2017-120404",623.93
"CA-2014-154158",619.84
"US-2014-134614",617.70
"CA-2014-134215",617.12
"CA-2016-140501",616.16
"CA-2014-104283",616.14
"US-2016-115455",615.61
"CA-2016-161746",615.41
"CA-2015-130183",614.00
"CA-2015-137526",612.46
"US-2016-146570",612.14
"CA-2016-122063",611.94
"CA-2016-126004",611.03
"CA-2016-145261",610.43
"US-2015-165512",610.31
"CA-2015-143147",610.16
"CA-2014-104738",609.61
"CA-2015-149972",609.44
"CA-2014-129147",609.43
"CA-2017-162565",608.55
"CA-2017-162173",608.43
"CA-2014-153983",606.32
"CA-2016-116799",606.21
"CA-2017-154039",605.75
"CA-2014-100895",605.47
"CA-2014-115084",605.34
"CA-2014-132451",604.99
"CA-2017-157273",604.77
"CA-2014-128888",604.66
"US-2015-103471",604.10
"US-2015-131359",603.43
"CA-2014-127866",602.43
"CA-2015-120915",601.50
"CA-2015-129322",601.44
"US-2014-152030",600.56
"CA-2015-158939",599.99
"CA-2017-159282",599.99
"CA-2015-104129",599.90
"CA-2014-148915",599.90
"CA-2016-144939",599.29
"US-2016-108497",599.17
"CA-2015-117884",598.35
"US-2017-132297",598.31
"CA-2017-128041",598.16
"CA-2014-108189",598.15
"CA-2017-158169",597.86
"CA-2014-138681",596.67
"CA-2015-109470",596.48
"CA-2016-103464",595.00
"CA-2017-120019",594.50
"CA-2015-131884",594.01
"CA-2017-152436",592.74
"US-2014-150119",592.57
"CA-2017-153822",592.30
"CA-2014-103989",590.77
"CA-2015-142475",590.35
"CA-2016-121671",589.52
"CA-2014-166891",589.41
"CA-2016-167115",588.78
"CA-2017-117667",588.01
"CA-2014-166744",587.14
"CA-2014-123225",586.34
"US-2014-141257",585.55
"CA-2016-133613",584.77
"CA-2014-152618",583.36
"CA-2015-130848",582.34
"CA-2017-130141",582.31
"CA-2017-130211",582.07
"CA-2014-160773",581.10
"US-2017-136721",580.86
"CA-2015-147690",577.58
"CA-2016-153577",577.12
"CA-2016-119865",576.27
"CA-2014-156349",576.23
"CA-2014-131009",574.19
"CA-2016-113845",574.06
"CA-2016-134334",573.74
"CA-2016-136329",573.29
"CA-2016-122581",573.17
"CA-2015-156566",572.80
"CA-2015-119291",570.50
"CA-2016-102813",569.90
"CA-2015-129917",569.34
"CA-2015-153416",568.86
"CA-2015-147501",564.77
"CA-2017-133256",564.38
"CA-2016-140935",563.94
"CA-2016-138597",563.94
"CA-2016-118332",563.92
"CA-2017-128965",562.70
"US-2017-130687",562.65
"CA-2017-115546",562.55
"CA-2016-118073",562.29
"CA-2017-144904",562.03
"CA-2014-142769",561.73
"CA-2016-109365",561.73
"CA-2016-166674",560.78
"CA-2014-121762",560.55
"CA-2014-134278",559.99
"CA-2015-140557",559.93
"CA-2014-158281",559.71
"CA-2017-108112",559.20
"CA-2017-108791",558.81
"CA-2016-146171",558.24
"CA-2016-117681",556.67
"CA-2015-157805",555.96
"CA-2014-161508",554.17
"CA-2017-104864",552.86
"CA-2016-122133",552.56
"CA-2017-116953",552.00
"US-2014-169789",551.99
"US-2017-107384",551.55
"US-2015-145436",551.27
"CA-2017-117632",551.04
"CA-2016-149272",550.82
"CA-2016-145982",549.78
"CA-2016-112830",548.96
"CA-2016-143406",548.00
"CA-2016-118101",547.97
"CA-2016-164091",547.33
"CA-2017-132234",547.30
"US-2015-147739",547.14
"CA-2015-109190",546.80
"CA-2016-120824",546.60
"CA-2014-109232",545.94
"CA-2014-155796",545.93
"CA-2015-136798",545.91
"CA-2017-140053",545.85
"CA-2016-149762",545.01
"US-2016-133879",544.99
"US-2015-163433",544.41
"CA-2017-130309",544.38
"CA-2017-148474",544.14
"CA-2014-101560",542.34
"CA-2015-111948",542.18
"CA-2016-134180",542.16
"CA-2017-129294",540.93
"CA-2014-122882",539.07
"CA-2015-138485",538.92
"CA-2016-140081",538.03
"CA-2017-167899",538.02
"US-2016-129469",537.61
"CA-2017-162075",537.54
"CA-2017-113355",536.86
"CA-2017-124744",536.48
"US-2017-135986",536.36
"CA-2016-168774",535.41
"CA-2015-115938",535.36
"CA-2014-168368",535.27
"US-2017-125717",535.26
"CA-2016-167241",533.09
"CA-2016-108875",532.50
"CA-2017-148411",531.88
"CA-2014-142587",531.38
"US-2016-135923",530.27
"CA-2015-103177",529.14
"CA-2017-167640",528.71
"CA-2016-128531",527.22
"CA-2014-118976",526.96
"CA-2015-134075",526.88
"CA-2015-127453",526.73
"CA-2017-157091",526.45
"CA-2017-145128",526.45
"US-2017-106551",526.34
"CA-2015-103135",525.95
"CA-2017-159464",524.85
"CA-2016-116722",524.61
"US-2017-160836",524.02
"CA-2016-106243",523.92
"CA-2017-119494",523.39
"CA-2015-164539",523.25
"CA-2016-128517",523.18
"CA-2017-153843",523.16
"CA-2017-121580",522.79
"CA-2017-143126",521.96
"CA-2014-153087",521.92
"CA-2014-125542",521.23
"CA-2015-163237",520.03
"US-2014-134733",519.98
"CA-2015-111206",519.96
"CA-2016-112277",519.68
"CA-2017-168641",518.87
"CA-2017-117114",518.68
"CA-2017-165841",517.91
"CA-2015-143119",517.50
"CA-2017-141705",517.41
"CA-2017-156237",517.26
"CA-2014-135657",515.88
"CA-2017-126928",514.05
"CA-2014-157784",514.03
"CA-2014-168312",513.86
"CA-2015-111164",513.73
"CA-2016-131065",513.52
"US-2017-132031",513.50
"CA-2017-127474",512.36
"CA-2017-167094",512.06
"CA-2016-139010",511.95
"CA-2016-116596",511.52
"CA-2017-147354",510.82
"CA-2017-113908",508.79
"CA-2014-100762",508.62
"CA-2015-109337",508.11
"CA-2014-110184",505.69
"US-2016-155103",505.37
"US-2014-164406",505.29
"CA-2017-116855",504.90
"CA-2017-129357",504.59
"CA-2014-120411",504.55
"CA-2017-132199",504.51
"CA-2017-111269",503.87
"CA-2016-142902",503.40
"CA-2017-122707",503.22
"CA-2014-150518",503.13
"CA-2017-162978",502.47
"US-2016-155173",502.22
"US-2014-160444",502.20
"CA-2017-129000",501.81
"CA-2014-150581",499.55
"CA-2016-109827",499.31
"CA-2015-134257",498.93
"CA-2016-167556",498.61
"CA-2015-162950",498.49
"CA-2017-145653",498.26
"CA-2017-118003",498.15
"CA-2017-156958",497.05
"CA-2015-129896",496.90
"CA-2017-140949",496.63
"CA-2015-141012",495.74
"CA-2017-120936",495.30
"US-2016-126893",494.98
"CA-2016-145548",492.97
"US-2016-143280",492.85
"CA-2016-119165",492.84
"CA-2017-114258",492.77
"CA-2015-166464",492.58
"US-2016-131149",492.28
"CA-2017-108035",491.89
"CA-2014-144281",491.55
"CA-2017-132682",490.40
"CA-2016-119025",490.32
"CA-2014-124723",489.23
"CA-2015-109197",487.98
"CA-2017-105823",487.96
"US-2016-111528",487.70
"CA-2016-103730",487.50
"CA-2016-149979",487.22
"CA-2017-135419",486.37
"CA-2015-137302",485.79
"CA-2015-122756",485.30
"CA-2014-111500",484.79
"CA-2015-126445",484.65
"US-2017-147669",484.32
"US-2016-166660",483.75
"CA-2017-145765",483.48
"US-2014-126571",483.33
"CA-2016-156265",482.58
"CA-2016-123512",482.01
"US-2015-164448",481.70
"US-2017-133361",481.59
"CA-2017-128076",481.52
"CA-2017-152807",481.48
"CA-2015-161767",479.99
"CA-2014-124618",479.98
"CA-2017-126662",479.98
"CA-2016-138233",479.97
"CA-2016-168830",479.97
"CA-2014-122749",479.96
"US-2015-153374",479.95
"CA-2014-145926",479.90
"CA-2015-149083",479.72
"CA-2016-125094",479.72
"CA-2016-129126",479.05
"CA-2015-109001",479.03
"CA-2014-147543",478.48
"CA-2017-151484",478.42
"CA-2017-112900",478.24
"CA-2017-148929",478.08
"CA-2016-148747",477.67
"CA-2017-160899",477.51
"CA-2016-116526",477.50
"CA-2017-136882",477.30
"CA-2016-119186",477.14
"CA-2017-121293",477.10
"CA-2014-106971",475.94
"US-2014-133949",475.94
"CA-2016-154767",475.86
"CA-2014-144029",475.78
"CA-2016-100244",475.69
"US-2014-112949",475.42
"CA-2017-149699",474.95
"CA-2017-144463",474.43
"CA-2015-123155",473.40
"CA-2014-118962",472.04
"CA-2014-157609",471.92
"CA-2016-134936",471.62
"US-2016-139262",471.08
"CA-2017-112039",470.38
"CA-2017-126788",470.38
"CA-2015-107902",470.36
"CA-2017-140480",469.66
"CA-2015-123939",469.39
"CA-2014-105165",469.05
"CA-2014-140795",468.90
"CA-2015-135251",467.65
"CA-2015-109708",467.04
"CA-2017-143259",466.85
"US-2017-160465",466.81
"CA-2014-157924",465.49
"CA-2015-156755",465.18
"CA-2016-108434",465.18
"CA-2016-131744",465.08
"CA-2017-154011",464.38
"CA-2014-154095",463.04
"CA-2017-143035",462.52
"CA-2017-152737",461.59
"CA-2015-150770",460.85
"CA-2014-113362",460.22
"CA-2014-105249",460.09
"CA-2016-121748",459.98
"CA-2016-123666",459.95
"US-2015-168935",459.44
"CA-2017-147228",458.99
"CA-2016-142405",458.57
"CA-2017-137785",458.43
"CA-2016-127236",458.36
"US-2015-153500",458.07
"CA-2015-129532",457.96
"CA-2014-156244",457.74
"CA-2014-104269",457.57
"CA-2017-107629",457.17
"CA-2015-154291",457.04
"CA-2017-125199",456.52
"CA-2015-157287",456.20
"US-2014-112991",455.63
"US-2014-150434",455.23
"CA-2015-149650",454.27
"CA-2015-132101",453.58
"CA-2016-138695",452.46
"CA-2014-153969",451.28
"CA-2015-134117",450.19
"CA-2015-109862",450.09
"CA-2016-118311",450.00
"US-2017-166037",449.91
"CA-2017-136350",449.45
"CA-2015-168088",449.05
"US-2017-139465",448.82
"CA-2016-112102",448.81
"CA-2016-101980",448.79
"CA-2016-118759",448.45
"US-2016-127971",448.42
"CA-2016-138520",448.40
"CA-2015-122406",448.21
"CA-2014-140816",447.94
"CA-2015-125416",447.93
"CA-2014-162278",447.88
"CA-2014-159338",447.84
"CA-2016-104276",447.78
"CA-2017-142636",447.00
"CA-2014-129938",445.80
"CA-2017-152135",445.44
"CA-2016-114482",445.40
"CA-2017-108329",444.77
"CA-2015-101154",443.92
"CA-2016-146941",442.50
"CA-2016-132479",442.37
"CA-2017-112431",441.72
"CA-2016-101987",440.91
"CA-2017-150987",440.31
"CA-2016-136686",440.16
"CA-2015-141327",440.14
"CA-2014-151946",440.05
"CA-2015-149097",439.54
"CA-2017-144484",438.96
"CA-2017-166317",438.01
"CA-2017-152695",437.65
"CA-2016-152688",436.96
"CA-2015-134894",436.86
"CA-2017-135076",436.70
"CA-2017-169894",436.59
"CA-2014-153808",436.49
"CA-2017-109393",436.00
"CA-2016-153269",435.85
"CA-2015-151589",435.54
"CA-2017-137505",435.17
"US-2014-167738",435.13
"CA-2016-139556",434.65
"US-2015-136749",433.78
"CA-2017-145226",433.78
"CA-2014-166191",433.56
"US-2015-107944",432.69
"CA-2017-139402",432.41
"US-2016-109260",431.98
"CA-2017-138310",431.93
"US-2016-147711",430.94
"US-2017-128447",429.59
"US-2017-134642",428.70
"CA-2017-125913",427.59
"US-2015-147662",427.55
"CA-2014-169684",426.94
"US-2014-117163",426.67
"CA-2016-157217",425.95
"US-2014-117135",425.67
"CA-2017-111591",425.06
"US-2016-146794",424.96
"CA-2014-124737",424.37
"CA-2017-121398",424.17
"CA-2014-154669",423.28
"CA-2016-160941",423.05
"CA-2017-122539",422.91
"CA-2015-169656",422.86
"CA-2016-128412",422.66
"CA-2017-100384",421.42
"CA-2014-166716",421.37
"CA-2017-147410",421.10
"CA-2015-144274",420.64
"CA-2017-137463",420.23
"CA-2017-102820",419.94
"CA-2016-101966",419.94
"CA-2016-159912",419.87
"CA-2017-105487",419.83
"CA-2015-110814",419.73
"CA-2017-148999",419.14
"CA-2017-129490",419.14
"CA-2017-105921",418.30
"CA-2015-118871",418.19
"CA-2016-105781",416.62
"CA-2017-140242",415.15
"CA-2015-143980",414.96
"CA-2014-124730",414.63
"CA-2015-115945",413.94
"CA-2017-129378",413.79
"US-2016-161683",413.01
"CA-2017-104619",412.99
"US-2015-101511",412.68
"CA-2015-130883",412.66
"CA-2015-134747",412.24
"CA-2017-101245",410.71
"CA-2014-110555",410.10
"CA-2016-141397",409.76
"US-2017-132444",409.55
"CA-2014-115889",409.30
"US-2017-105046",408.96
"CA-2014-102330",408.77
"CA-2014-116834",408.47
"US-2015-114839",408.42
"CA-2016-161389",407.98
"US-2016-162859",407.07
"CA-2017-128300",406.94
"CA-2016-160304",405.92
"CA-2014-140165",405.45
"CA-2016-133368",405.35
"US-2016-168410",405.30
"CA-2015-144519",403.94
"CA-2016-143609",403.92
"US-2016-164189",403.17
"US-2014-123519",403.11
"US-2016-108777",402.64
"CA-2017-113453",401.37
"CA-2017-116127",400.78
"CA-2017-144848",400.61
"CA-2017-163510",400.39
"CA-2017-118346",399.95
"CA-2017-117513",399.67
"CA-2017-134096",399.53
"CA-2015-125934",399.49
"CA-2017-118773",397.73
"CA-2017-100223",396.39
"CA-2016-134208",396.00
"CA-2016-130162",395.44
"CA-2017-112956",394.48
"CA-2016-145611",393.25
"CA-2015-132388",393.19
"US-2016-122245",393.17
"US-2015-140200",393.17
"CA-2014-161032",392.94
"CA-2015-168004",392.94
"CA-2016-123533",392.83
"US-2017-140907",392.22
"CA-2016-162082",392.05
"CA-2017-122196",391.98
"CA-2017-116225",390.75
"CA-2014-132010",389.74
"CA-2015-128608",389.44
"CA-2014-148040",388.70
"CA-2017-132339",387.99
"CA-2016-135636",387.72
"CA-2016-139549",387.14
"CA-2015-118444",387.14
"CA-2016-165995",387.00
"CA-2017-137414",386.62
"CA-2015-111395",386.49
"CA-2016-165169",386.48
"CA-2016-115224",386.43
"CA-2014-109680",386.34
"CA-2017-150623",386.14
"CA-2016-161816",385.29
"CA-2014-138317",385.27
"CA-2015-165085",384.86
"CA-2017-141425",384.59
"CA-2017-144589",384.18
"CA-2017-160423",383.99
"CA-2017-157903",383.84
"CA-2016-148796",383.80
"CA-2015-140144",383.62
"CA-2015-105347",383.61
"CA-2016-140928",383.44
"CA-2016-152170",383.14
"CA-2016-153661",381.80
"CA-2017-140515",381.36
"CA-2016-136924",380.86
"CA-2014-109855",380.74
"CA-2016-110772",380.55
"CA-2017-121258",380.14
"CA-2016-132661",379.40
"CA-2014-146591",378.59
"US-2015-156867",378.14
"CA-2016-155005",377.97
"CA-2014-100006",377.97
"CA-2015-163965",377.90
"US-2017-121251",377.53
"CA-2016-164784",377.34
"CA-2015-117611",376.97
"CA-2016-129861",376.87
"US-2016-116365",376.64
"CA-2017-135860",376.10
"CA-2017-168123",375.71
"CA-2014-154641",375.34
"CA-2017-106782",375.34
"CA-2017-141117",374.61
"CA-2017-147039",374.48
"CA-2017-137099",374.38
"CA-2015-141810",374.07
"CA-2017-102155",373.94
"CA-2015-118738",373.28
"CA-2016-116561",372.81
"CA-2017-135587",372.64
"CA-2017-100314",372.45
"CA-2014-114181",372.29
"CA-2014-169446",372.12
"US-2015-120502",372.10
"CA-2015-114300",371.66
"CA-2014-164721",371.52
"CA-2016-123932",371.50
"CA-2014-149958",370.79
"US-2017-116659",370.78
"CA-2016-142895",370.18
"CA-2015-101000",370.14
"US-2017-133312",369.98
"CA-2015-142027",369.91
"CA-2015-141593",369.56
"CA-2017-128370",369.53
"US-2016-153815",368.43
"CA-2017-123022",367.53
"CA-2015-139164",366.99
"CA-2014-148586",366.79
"CA-2016-169957",366.78
"CA-2015-104871",366.74
"CA-2016-109400",366.74
"CA-2015-111339",366.67
"CA-2015-128139",365.91
"US-2015-159499",365.49
"CA-2016-140571",365.44
"CA-2014-149538",364.93
"CA-2017-141873",364.39
"CA-2017-102197",364.27
"CA-2015-119480",364.07
"CA-2014-151162",362.47
"CA-2016-154018",362.35
"US-2014-127978",362.24
"CA-2014-116407",362.18
"CA-2014-139598",361.61
"CA-2017-161130",361.38
"CA-2016-148740",361.38
"CA-2016-158834",361.10
"US-2017-108343",361.04
"CA-2016-110044",359.98
"CA-2017-122994",359.97
"US-2015-145422",359.50
"CA-2015-118423",359.06
"CA-2014-133158",358.70
"CA-2017-113278",358.70
"CA-2016-116337",358.55
"CA-2015-133445",357.46
"CA-2017-121706",356.79
"CA-2017-167913",356.65
"CA-2014-145800",355.46
"CA-2016-136133",355.32
"CA-2017-145807",354.90
"US-2016-106600",354.90
"CA-2014-116239",354.90
"US-2017-107888",354.77
"CA-2015-117772",353.88
"CA-2016-113621",352.47
"US-2015-113327",352.16
"US-2016-128909",351.97
"CA-2015-129546",351.91
"CA-2017-119011",351.66
"CA-2016-162138",351.51
"US-2014-165862",351.22
"CA-2015-130365",349.08
"CA-2015-154620",348.93
"US-2017-148831",348.56
"US-2016-148110",347.80
"CA-2017-136511",347.58
"CA-2017-100615",347.38
"US-2015-109015",346.37
"US-2015-164238",346.16
"CA-2016-117583",345.47
"CA-2016-130393",345.33
"CA-2015-149748",345.26
"CA-2017-159226",344.98
"CA-2014-164469",344.92
"US-2014-143581",344.91
"CA-2017-121643",344.70
"CA-2015-110891",344.37
"US-2014-151015",344.28
"US-2015-138919",344.22
"CA-2016-144092",344.02
"CA-2016-142097",342.76
"CA-2017-145702",342.24
"CA-2016-164924",341.99
"CA-2017-161739",341.96
"CA-2017-101322",340.70
"US-2014-112914",340.30
"CA-2017-104220",340.22
"CA-2014-113859",340.12
"CA-2016-159940",339.98
"CA-2015-129476",339.96
"CA-2015-143490",339.33
"CA-2017-128328",338.86
"CA-2016-160220",338.54
"CA-2017-106068",337.82
"US-2017-106131",337.68
"CA-2016-155747",337.18
"CA-2014-114335",337.09
"CA-2017-166142",336.99
"CA-2014-113383",336.82
"US-2016-168095",335.80
"CA-2015-142930",335.52
"CA-2016-111913",335.11
"CA-2014-146640",334.77
"CA-2014-111003",334.68
"CA-2017-105235",334.52
"CA-2015-115392",334.43
"CA-2016-113733",334.25
"US-2016-108637",334.20
"US-2014-126340",333.58
"US-2017-123862",332.80
"CA-2014-103191",331.54
"CA-2016-167682",331.08
"CA-2016-158155",330.82
"CA-2017-122763",330.76
"US-2014-117380",330.59
"CA-2016-139157",330.59
"CA-2017-106432",330.47
"CA-2015-153878",330.15
"CA-2016-119963",329.98
"US-2015-155369",329.96
"CA-2015-119627",329.44
"US-2014-112872",328.91
"CA-2014-113257",328.59
"CA-2016-100041",328.54
"CA-2016-125318",328.22
"CA-2016-124100",328.00
"CA-2017-124674",327.73
"CA-2014-143210",327.56
"CA-2015-126739",327.56
"US-2016-105452",327.42
"CA-2017-113474",325.86
"CA-2015-110870",325.70
"CA-2017-157413",324.74
"CA-2016-165316",324.40
"CA-2015-135853",324.22
"CA-2015-147529",324.11
"CA-2017-132353",323.98
"CA-2016-108105",323.88
"CA-2017-126242",323.71
"CA-2014-110849",323.46
"CA-2015-162369",323.10
"CA-2017-151358",323.10
"CA-2015-136196",322.59
"CA-2014-126193",321.98
"CA-2016-154739",321.57
"CA-2017-152142",321.57
"CA-2014-131905",321.56
"CA-2014-100867",321.55
"CA-2017-152583",321.39
"CA-2017-143798",321.25
"CA-2017-163125",321.20
"CA-2016-130911",320.13
"CA-2015-158351",319.98
"US-2016-125969",319.98
"CA-2015-123232",319.97
"CA-2017-131366",319.53
"CA-2017-144596",318.96
"CA-2017-110198",318.96
"CA-2014-131947",318.30
"CA-2017-124401",317.62
"CA-2014-120278",317.48
"CA-2017-149160",316.32
"CA-2016-106558",316.00
"CA-2017-103443",315.90
"CA-2017-161172",315.03
"US-2014-140452",314.56
"CA-2017-166296",314.55
"US-2017-132381",314.53
"CA-2016-144344",314.40
"CA-2016-102561",313.84
"CA-2015-152891",313.63
"CA-2016-130288",313.18
"US-2016-151827",312.76
"CA-2017-137085",312.55
"CA-2016-152072",311.97
"US-2017-126179",311.96
"CA-2014-106810",310.88
"CA-2016-103709",310.86
"CA-2014-152254",310.69
"CA-2016-130638",310.56
"US-2014-155544",310.53
"CA-2015-139584",310.36
"CA-2014-127586",310.12
"CA-2014-156587",309.59
"CA-2017-146269",309.49
"CA-2016-110898",309.08
"CA-2017-108070",308.75
"US-2014-147704",308.60
"US-2016-159856",307.92
"CA-2017-111577",307.78
"US-2017-148054",307.74
"CA-2017-104003",307.67
"CA-2015-112711",307.17
"CA-2017-118017",306.36
"CA-2014-155264",306.11
"CA-2016-160500",305.50
"US-2017-137491",305.31
"CA-2016-156503",305.24
"CA-2015-162964",304.22
"CA-2017-140186",304.04
"CA-2016-108210",303.92
"CA-2016-118129",303.92
"US-2017-110604",303.54
"US-2017-147221",303.37
"CA-2017-140627",303.31
"CA-2014-100881",302.38
"CA-2014-110100",302.38
"CA-2017-100202",302.38
"CA-2017-140088",301.96
"CA-2016-115378",301.96
"CA-2015-146087",301.96
"CA-2015-108119",301.96
"CA-2015-141250",301.74
"CA-2017-127096",300.90
"US-2014-159611",300.51
"CA-2014-115791",299.96
"US-2017-143770",299.96
"CA-2015-123673",299.90
"US-2017-146906",299.90
"CA-2015-146948",299.75
"CA-2017-161655",299.52
"US-2016-169369",299.07
"CA-2016-108616",298.83
"CA-2017-127460",298.46
"CA-2017-167549",298.12
"CA-2017-137498",298.00
"CA-2017-133046",297.99
"CA-2017-123036",296.96
"CA-2014-101364",296.71
"US-2016-110156",296.67
"CA-2016-142524",296.51
"US-2017-119438",296.02
"CA-2015-145394",295.97
"US-2015-103996",295.68
"CA-2016-131093",295.40
"CA-2017-165008",295.06
"US-2014-120740",294.72
"US-2014-146353",292.82
"CA-2016-109953",292.80
"CA-2017-145429",291.99
"CA-2017-117485",291.96
"CA-2016-131205",291.74
"CA-2016-123337",291.15
"CA-2017-104850",291.14
"CA-2016-120873",290.98
"CA-2017-167703",290.78
"CA-2014-115161",290.67
"CA-2015-123092",288.84
"CA-2014-112326",288.06
"CA-2015-151722",288.00
"CA-2017-135377",287.98
"CA-2014-113768",287.46
"CA-2017-148810",287.42
"CA-2016-123274",287.40
"CA-2017-164707",287.33
"CA-2015-152611",286.79
"CA-2014-153927",286.65
"CA-2017-140585",286.48
"CA-2016-121377",286.40
"CA-2014-137589",286.34
"CA-2017-169978",286.14
"CA-2017-163629",286.09
"CA-2017-126144",285.58
"CA-2017-123001",284.98
"CA-2015-103870",284.43
"CA-2017-122154",284.19
"CA-2015-101910",283.92
"US-2017-110996",283.92
"CA-2017-117947",283.77
"US-2017-129777",283.46
"CA-2017-169285",283.18
"US-2016-127425",282.95
"CA-2017-122595",282.69
"CA-2016-106278",281.92
"US-2014-118486",281.84
"US-2015-115238",281.16
"CA-2017-111815",280.96
"CA-2014-114510",280.28
"US-2016-144547",279.94
"US-2017-147984",279.90
"CA-2015-135489",279.86
"CA-2016-101336",279.81
"CA-2016-101161",279.67
"US-2017-111024",279.01
"CA-2016-160815",278.40
"CA-2017-162481",278.23
"CA-2017-115994",277.71
"CA-2015-127824",277.63
"CA-2015-161998",277.63
"US-2014-143287",277.57
"CA-2015-112767",277.50
"CA-2016-126102",276.78
"CA-2014-169642",276.28
"CA-2017-126074",275.65
"CA-2015-119550",275.06
"CA-2016-103107",274.86
"CA-2017-154760",274.49
"CA-2017-155621",274.20
"CA-2014-142510",274.09
"CA-2014-149643",273.96
"CA-2017-154116",273.93
"CA-2016-149503",273.92
"US-2017-101840",273.70
"CA-2016-159212",273.59
"CA-2017-139353",273.08
"CA-2017-113460",272.97
"CA-2017-100636",272.94
"CA-2017-134810",272.23
"CA-2017-161333",272.10
"CA-2016-152121",271.99
"CA-2017-133235",271.96
"CA-2015-150791",271.76
"CA-2017-122308",271.76
"CA-2017-131695",270.80
"CA-2016-105662",270.73
"CA-2015-113173",270.35
"US-2015-119312",270.34
"US-2015-100069",269.98
"CA-2015-135314",269.98
"CA-2017-167381",269.68
"US-2014-168501",269.59
"CA-2015-128027",269.49
"CA-2017-134495",269.40
"CA-2014-101392",269.36
"CA-2014-106229",268.94
"CA-2017-141782",268.58
"CA-2015-106187",268.40
"CA-2017-113873",267.79
"CA-2014-132962",267.55
"CA-2017-117646",266.52
"CA-2015-127754",266.35
"CA-2015-135545",266.29
"CA-2017-165491",265.93
"CA-2015-153794",265.86
"CA-2014-129364",265.79
"CA-2014-157882",265.78
"CA-2017-155957",265.41
"US-2017-122672",265.07
"CA-2014-164742",264.92
"CA-2014-106572",264.32
"CA-2017-121195",264.32
"CA-2016-146150",264.18
"US-2015-151407",263.96
"CA-2015-102855",263.78
"CA-2015-132941",262.72
"CA-2016-144015",262.10
"CA-2017-151225",261.54
"CA-2017-122770",261.52
"CA-2016-136126",261.10
"CA-2014-103940",260.79
"CA-2015-103772",260.31
"CA-2015-137512",259.95
"CA-2015-138674",259.87
"CA-2017-163139",259.44
"CA-2014-165806",259.29
"CA-2014-123295",259.14
"CA-2016-168081",258.70
"CA-2017-149895",258.53
"CA-2015-122210",258.49
"CA-2014-153976",258.28
"CA-2015-100454",258.02
"CA-2014-107769",257.98
"CA-2016-139878",257.98
"CA-2014-122070",257.75
"CA-2017-111220",257.51
"CA-2016-108735",257.50
"CA-2015-140221",257.32
"CA-2014-116190",256.48
"CA-2015-123568",256.35
"CA-2017-164168",256.35
"CA-2016-145583",256.20
"US-2015-160563",255.99
"CA-2015-100769",255.97
"CA-2016-134474",255.90
"US-2014-134054",255.85
"CA-2015-153717",255.58
"US-2017-163657",255.25
"CA-2016-142370",254.99
"CA-2014-128839",254.97
"US-2015-101399",254.74
"CA-2017-152702",254.60
"CA-2017-169054",254.35
"CA-2017-125472",253.86
"CA-2017-144694",253.82
"CA-2016-162943",253.76
"CA-2017-135692",253.39
"CA-2015-118955",253.34
"CA-2017-131233",253.13
"CA-2016-158435",253.03
"US-2014-150574",252.61
"CA-2016-137729",252.15
"CA-2016-150483",252.01
"CA-2017-155152",252.00
"CA-2017-121314",251.64
"CA-2016-137239",251.16
"CA-2017-131282",251.11
"CA-2016-156251",250.48
"CA-2016-163594",250.41
"CA-2014-150203",250.26
"CA-2014-118339",249.92
"CA-2017-101434",249.79
"CA-2014-138450",249.47
"CA-2017-128783",248.82
"CA-2016-104150",248.82
"CA-2014-147298",248.57
"CA-2017-156622",248.48
"CA-2017-102610",248.40
"CA-2017-167101",247.92
"CA-2014-109932",247.79
"CA-2017-141572",247.44
"CA-2015-108532",246.50
"US-2017-107272",246.38
"CA-2015-140718",246.36
"CA-2015-150308",246.17
"CA-2015-124919",244.78
"CA-2014-143336",244.76
"CA-2017-108553",244.65
"CA-2017-115175",244.55
"US-2016-141264",244.30
"CA-2015-110289",244.24
"US-2016-128902",244.01
"CA-2017-118402",243.92
"CA-2016-115525",243.88
"CA-2014-109043",243.60
"CA-2017-108854",243.58
"CA-2017-119914",243.16
"US-2014-106334",243.12
"CA-2017-116288",242.94
"CA-2016-124149",242.56
"CA-2014-103317",242.55
"US-2017-152842",242.35
"CA-2016-160241",242.18
"CA-2017-166128",241.81
"CA-2016-163048",241.50
"CA-2017-137624",241.42
"US-2015-124219",241.34
"US-2014-138758",241.20
"CA-2017-115105",240.78
"CA-2014-134103",240.50
"CA-2017-119746",240.36
"CA-2017-118213",240.15
"CA-2016-155551",240.04
"CA-2016-110086",239.98
"CA-2014-151792",239.98
"CA-2016-121020",239.98
"CA-2016-127775",239.97
"CA-2017-163531",239.97
"CA-2017-141719",239.96
"US-2017-102904",239.92
"CA-2015-164427",239.70
"US-2017-153255",239.67
"CA-2016-117604",239.50
"CA-2016-155166",239.43
"CA-2016-131296",239.37
"CA-2017-111717",239.36
"US-2017-152492",239.24
"CA-2015-161263",239.21
"US-2017-111241",239.12
"CA-2017-148691",238.68
"CA-2015-145835",238.38
"CA-2017-105809",238.20
"CA-2015-113215",238.15
"CA-2015-121608",238.11
"CA-2014-124709",238.00
"CA-2017-145037",237.64
"CA-2017-110821",237.61
"US-2017-103247",236.72
"US-2015-137008",235.97
"CA-2016-140018",235.85
"US-2014-102071",235.77
"CA-2017-165904",235.44
"CA-2016-133669",235.15
"US-2015-129637",234.69
"CA-2015-100818",234.51
"CA-2017-123687",234.20
"CA-2017-156664",233.53
"CA-2016-139381",233.48
"CA-2014-112291",233.45
"CA-2014-102869",233.24
"US-2017-139969",233.06
"CA-2015-136147",233.06
"CA-2014-125150",232.88
"CA-2016-113236",232.62
"CA-2016-111416",232.40
"US-2015-149629",231.92
"CA-2017-135069",231.77
"US-2014-135881",231.16
"CA-2017-104136",230.69
"US-2017-119662",230.38
"CA-2016-151148",230.09
"US-2017-135062",229.54
"CA-2015-163734",228.92
"CA-2017-132122",228.92
"CA-2016-136231",228.58
"US-2017-132059",228.57
"CA-2017-155873",228.28
"CA-2017-112809",228.18
"CA-2016-134138",227.96
"CA-2016-157707",227.65
"US-2017-155866",226.64
"CA-2015-155334",226.13
"CA-2015-120103",225.92
"CA-2016-105494",225.83
"CA-2017-140676",225.61
"CA-2015-164567",225.58
"US-2017-108315",225.54
"CA-2014-158029",225.30
"CA-2016-154690",225.30
"CA-2014-103849",225.01
"CA-2015-138954",224.93
"CA-2016-127208",224.90
"CA-2016-153157",224.75
"CA-2017-164028",223.58
"CA-2016-154081",222.38
"CA-2017-137428",222.03
"CA-2015-125234",221.79
"CA-2014-133690",221.35
"US-2016-140172",221.04
"CA-2017-166576",221.02
"CA-2017-166835",221.02
"CA-2017-122700",220.75
"CA-2015-168480",220.31
"CA-2017-144456",220.06
"CA-2016-115483",219.84
"CA-2016-159730",219.47
"CA-2016-125738",219.12
"US-2017-152380",219.08
"CA-2017-148264",218.81
"CA-2016-147109",217.44
"CA-2014-151708",217.36
"CA-2016-118570",217.06
"CA-2014-146864",216.40
"CA-2016-146325",216.22
"CA-2017-111388",215.98
"CA-2017-158246",215.98
"CA-2016-134789",215.84
"CA-2016-100965",215.65
"US-2017-167570",215.54
"CA-2015-145849",215.18
"US-2015-164175",213.12
"US-2017-136679",212.99
"CA-2014-108903",212.95
"CA-2014-140487",212.94
"CA-2017-102309",212.91
"CA-2016-139885",212.88
"CA-2015-124933",212.64
"CA-2016-164672",211.96
"CA-2014-123344",211.96
"CA-2014-146703",211.96
"CA-2017-155985",211.84
"US-2014-114188",211.66
"CA-2014-140228",211.58
"CA-2016-151092",211.17
"CA-2015-110667",210.99
"CA-2017-145142",210.98
"CA-2015-149909",210.82
"US-2014-122959",210.39
"CA-2014-163867",210.18
"CA-2014-158225",210.13
"CA-2017-131037",210.01
"US-2017-139647",209.98
"CA-2014-120096",209.97
"CA-2017-127726",209.88
"CA-2016-163755",209.88
"CA-2017-158673",209.70
"CA-2015-159786",209.67
"CA-2017-103499",209.57
"CA-2015-115742",209.55
"CA-2017-126221",209.30
"CA-2015-115511",208.01
"CA-2017-157252",207.85
"US-2015-123960",207.82
"CA-2016-123806",207.76
"CA-2016-131499",207.48
"CA-2014-142314",207.24
"CA-2015-131422",207.00
"CA-2015-139094",206.96
"US-2017-103828",206.67
"US-2016-152415",206.64
"CA-2015-112557",206.43
"CA-2015-155761",206.32
"US-2017-150595",205.92
"CA-2017-121125",205.74
"CA-2015-121965",205.73
"CA-2014-131247",205.67
"CA-2015-116484",205.37
"CA-2017-154907",205.33
"CA-2017-139311",205.28
"CA-2015-141740",205.16
"CA-2017-104066",205.03
"CA-2017-155292",204.98
"US-2017-113201",204.95
"CA-2015-137750",204.85
"CA-2017-142461",204.67
"CA-2015-112571",204.60
"CA-2017-147333",204.55
"CA-2015-121405",204.48
"US-2014-157070",204.08
"CA-2017-124086",203.98
"CA-2015-146038",203.92
"CA-2016-112256",203.64
"CA-2016-123050",203.63
"US-2014-159618",203.12
"US-2016-113985",203.10
"CA-2014-117345",202.89
"CA-2014-159709",201.73
"CA-2016-161928",201.58
"US-2015-122910",201.58
"CA-2015-122826",201.57
"CA-2017-132934",201.26
"CA-2017-151211",201.09
"CA-2015-149734",200.98
"CA-2017-140844",200.94
"CA-2015-102316",200.73
"CA-2014-102652",199.99
"CA-2016-166275",199.99
"CA-2014-137575",199.98
"CA-2017-102834",199.98
"CA-2014-167486",199.90
"CA-2015-118843",199.86
"CA-2017-142391",199.80
"CA-2016-120803",199.75
"CA-2015-102036",199.74
"CA-2017-130351",199.73
"CA-2015-131534",199.64
"CA-2017-112004",199.50
"CA-2014-123400",199.30
"CA-2014-115259",199.26
"CA-2016-157161",199.18
"CA-2017-158743",199.17
"CA-2016-104633",198.84
"US-2016-104815",198.74
"CA-2016-102127",198.67
"CA-2017-112844",198.55
"US-2017-126060",198.27
"CA-2016-140438",197.97
"CA-2016-159009",197.97
"CA-2015-138002",197.92
"CA-2015-120810",197.76
"CA-2015-138625",197.72
"US-2017-107979",197.30
"US-2016-102232",197.05
"CA-2016-124793",196.78
"CA-2014-142048",196.75
"CA-2015-150560",196.62
"CA-2017-118857",196.45
"US-2016-165078",196.33
"CA-2014-109302",196.21
"CA-2016-137337",196.02
"US-2016-103646",195.98
"CA-2017-166919",195.96
"CA-2016-141957",195.93
"US-2017-120607",195.64
"CA-2015-138534",195.47
"CA-2016-149314",195.18
"US-2017-129203",195.14
"US-2016-114293",195.14
"CA-2017-107209",194.85
"CA-2016-157686",194.85
"CA-2016-113341",194.35
"US-2014-109456",194.32
"CA-2015-117828",194.32
"CA-2015-122266",194.14
"CA-2017-117870",193.98
"CA-2017-132619",193.95
"CA-2014-167850",193.93
"CA-2017-116946",193.64
"CA-2015-102015",193.26
"US-2017-151316",193.26
"CA-2014-131541",193.15
"CA-2016-146766",192.80
"CA-2014-138527",192.43
"CA-2015-104241",192.22
"CA-2014-163412",192.19
"CA-2017-114636",192.16
"CA-2016-133319",192.16
"CA-2017-161480",191.98
"US-2017-162124",191.97
"CA-2015-135727",191.97
"CA-2014-168473",191.88
"CA-2016-140543",191.88
"CA-2016-124772",191.82
"CA-2016-124254",191.80
"CA-2017-123638",191.65
"CA-2015-117961",191.62
"US-2014-122021",191.34
"US-2016-148901",191.01
"CA-2014-160157",190.85
"CA-2015-102848",190.72
"CA-2017-102519",190.67
"US-2017-153948",190.05
"CA-2017-102974",190.01
"CA-2015-165057",189.99
"CA-2017-106831",189.92
"US-2016-120929",189.88
"CA-2017-117443",189.71
"CA-2015-145184",188.94
"US-2016-114174",188.70
"CA-2015-122371",188.63
"CA-2017-139773",188.55
"CA-2017-109960",188.24
"CA-2015-113901",188.23
"CA-2015-149713",187.94
"US-2016-162677",187.62
"US-2016-137295",187.23
"CA-2016-154060",187.06
"CA-2016-144911",186.95
"CA-2014-127166",186.90
"CA-2016-168844",186.85
"CA-2017-123778",186.78
"CA-2015-154921",186.69
"CA-2015-110877",186.67
"CA-2017-168942",186.54
"CA-2016-163174",186.54
"CA-2014-116568",186.30
"CA-2016-124051",186.05
"CA-2016-113747",185.88
"CA-2016-108224",185.53
"CA-2017-124898",184.66
"CA-2015-156853",184.66
"CA-2016-159023",184.15
"CA-2017-166926",183.82
"CA-2014-159800",183.61
"CA-2017-168228",183.61
"CA-2017-147452",183.59
"CA-2017-119655",183.42
"CA-2015-156335",183.40
"CA-2017-136651",183.38
"CA-2017-165386",183.37
"CA-2016-130400",183.17
"CA-2017-160122",182.97
"CA-2014-112851",182.94
"CA-2015-132318",182.91
"CA-2015-109603",182.72
"CA-2017-142909",182.55
"CA-2017-127929",181.95
"CA-2017-157483",181.86
"CA-2017-122056",181.86
"CA-2016-140746",181.80
"CA-2014-164210",181.79
"CA-2015-109169",180.96
"CA-2014-107139",180.96
"CA-2014-143840",180.93
"CA-2016-125661",180.71
"CA-2016-148516",179.97
"CA-2015-139374",179.89
"CA-2016-145303",179.53
"CA-2017-109701",178.89
"CA-2015-130204",178.79
"CA-2015-140921",178.37
"CA-2017-132647",178.21
"CA-2015-136728",177.89
"CA-2016-159142",177.78
"CA-2014-160276",177.68
"CA-2017-134404",177.64
"CA-2017-116939",177.55
"CA-2015-156328",177.48
"US-2016-139710",177.48
"CA-2017-101581",177.23
"CA-2017-145443",177.20
"US-2014-143231",177.17
"CA-2017-102736",177.08
"US-2016-108098",177.00
"CA-2014-123260",176.80
"US-2016-112977",176.78
"CA-2014-130421",176.77
"CA-2015-104038",176.63
"CA-2014-141726",176.49
"CA-2014-146815",176.28
"CA-2014-104178",176.14
"CA-2017-168396",175.71
"CA-2017-142643",175.37
"CA-2015-101868",175.32
"CA-2017-154109",175.32
"CA-2015-167255",175.29
"CA-2017-127306",175.09
"CA-2017-104080",174.56
"CA-2015-142454",174.49
"CA-2017-107713",174.30
"CA-2015-156146",174.30
"CA-2017-166198",174.14
"CA-2015-153752",173.94
"CA-2017-119305",173.80
"US-2017-155999",173.72
"CA-2016-152765",173.49
"US-2017-165869",173.40
"CA-2015-148712",172.61
"CA-2017-161578",172.26
"CA-2014-121769",172.11
"CA-2014-113271",172.09
"CA-2015-112116",171.96
"CA-2017-117422",171.85
"US-2017-169320",171.43
"CA-2017-101749",171.29
"CA-2017-167003",171.29
"CA-2016-114748",170.98
"CA-2017-157469",170.92
"CA-2016-102456",170.88
"US-2017-120147",170.87
"CA-2016-105746",170.79
"CA-2017-163160",170.57
"CA-2015-161627",170.35
"US-2014-109162",170.35
"CA-2015-131597",170.14
"CA-2015-153535",169.55
"CA-2017-118437",169.28
"US-2017-106663",169.26
"CA-2017-107958",169.19
"CA-2017-124716",168.58
"CA-2016-112739",168.17
"US-2017-115609",168.10
"CA-2017-111647",167.97
"CA-2016-118899",167.89
"CA-2015-136735",167.86
"CA-2016-129728",167.84
"CA-2017-144862",167.64
"CA-2015-124653",167.31
"CA-2016-162313",167.29
"CA-2015-116687",167.24
"CA-2016-168956",167.18
"CA-2015-120341",166.99
"CA-2015-129525",166.92
"US-2017-110646",166.69
"CA-2014-100972",166.44
"CA-2017-136875",166.44
"US-2017-109582",166.44
"CA-2016-129238",166.29
"US-2015-137960",166.24
"CA-2014-127691",165.94
"CA-2016-143154",165.60
"CA-2016-148208",165.56
"CA-2014-164224",165.17
"CA-2016-105585",165.13
"CA-2014-154592",164.88
"CA-2017-144225",164.88
"CA-2014-166555",164.85
"CA-2017-141992",164.76
"CA-2017-135307",164.34
"US-2017-136784",163.96
"CA-2017-160416",163.96
"CA-2017-145737",163.96
"CA-2016-166772",163.88
"CA-2014-125612",163.62
"CA-2017-159597",163.55
"CA-2017-160395",163.41
"CA-2017-166898",163.39
"CA-2017-106180",163.38
"CA-2016-115476",162.52
"CA-2016-158568",162.39
"CA-2016-165218",162.34
"US-2017-158218",162.16
"CA-2015-157812",162.07
"CA-2015-120901",162.07
"US-2017-150070",161.57
"CA-2016-148096",161.28
"CA-2017-161200",161.14
"CA-2014-127964",161.07
"CA-2017-161809",160.78
"CA-2014-138240",160.59
"CA-2016-129686",160.38
"US-2015-165743",160.27
"CA-2017-134194",160.16
"US-2017-111745",159.99
"US-2016-151862",159.98
"CA-2014-132983",159.98
"CA-2016-158358",159.98
"CA-2017-123029",159.98
"US-2017-146213",159.96
"CA-2016-130267",159.88
"US-2017-164147",159.73
"US-2017-128398",159.56
"CA-2016-110254",158.81
"CA-2014-158771",158.71
"CA-2015-168564",158.67
"US-2014-115413",158.61
"CA-2014-131800",158.39
"US-2015-110261",158.38
"CA-2016-159695",158.37
"CA-2017-132521",158.28
"CA-2016-166282",158.26
"US-2015-136476",157.79
"CA-2015-134201",156.71
"US-2016-115819",156.52
"CA-2016-114944",156.51
"US-2017-105830",156.51
"CA-2017-116645",155.94
"US-2015-164966",155.88
"CA-2014-156790",155.46
"US-2016-134488",155.37
"US-2014-143721",155.37
"CA-2017-120061",155.37
"CA-2017-146360",155.34
"CA-2015-112305",155.16
"CA-2017-149076",154.90
"CA-2014-111157",154.62
"CA-2016-144729",154.44
"CA-2015-128013",154.14
"CA-2014-115049",153.82
"CA-2017-122175",153.41
"CA-2014-122609",153.11
"CA-2017-133487",152.94
"CA-2015-151253",152.92
"CA-2015-134943",152.80
"CA-2014-167997",152.64
"CA-2017-100055",152.59
"CA-2016-122017",152.52
"CA-2017-155607",152.07
"CA-2015-163923",151.96
"CA-2017-132262",151.96
"CA-2015-157133",151.96
"CA-2014-110065",151.95
"CA-2017-110842",151.93
"CA-2016-128671",151.82
"CA-2014-158540",151.72
"CA-2017-151008",151.72
"CA-2016-107790",151.19
"CA-2017-154676",151.06
"CA-2015-100734",150.76
"CA-2014-146843",150.23
"CA-2015-101707",150.22
"CA-2017-118577",150.18
"CA-2014-114433",149.97
"US-2015-156797",149.96
"CA-2014-103366",149.95
"US-2014-114377",149.90
"CA-2016-116547",149.90
"CA-2017-100230",149.87
"CA-2014-159184",149.56
"US-2015-152128",149.20
"US-2017-102288",148.88
"CA-2017-134796",148.48
"CA-2017-141201",148.26
"US-2017-132675",148.16
"CA-2017-101014",148.02
"CA-2016-164511",147.91
"US-2017-104661",147.63
"CA-2017-138156",147.57
"CA-2015-148250",147.44
"CA-2014-146731",147.35
"CA-2016-123120",147.26
"CA-2017-120705",147.18
"CA-2017-120999",147.17
"CA-2017-169691",146.89
"US-2017-157896",146.82
"CA-2016-112942",146.82
"US-2015-139759",146.74
"CA-2015-122973",146.70
"US-2014-139640",146.69
"US-2016-102141",146.69
"CA-2017-146346",146.35
"CA-2016-153101",146.04
"CA-2017-133249",145.90
"CA-2015-168529",145.90
"US-2017-168613",145.76
"CA-2016-143910",145.76
"US-2014-151925",145.57
"CA-2015-164007",145.51
"CA-2016-139941",145.50
"CA-2014-106803",144.36
"CA-2016-124506",143.96
"CA-2014-164385",143.95
"US-2017-103814",143.86
"CA-2017-133102",143.80
"CA-2017-135650",143.73
"CA-2016-117849",143.70
"CA-2016-153836",143.70
"CA-2015-158701",143.52
"CA-2017-107825",143.48
"CA-2016-124667",143.33
"CA-2016-165918",143.24
"CA-2014-105270",143.13
"CA-2017-115119",142.98
"CA-2017-139913",142.92
"CA-2017-112725",142.34
"CA-2014-133753",142.34
"CA-2016-132066",142.18
"CA-2017-100412",141.96
"CA-2015-114237",141.96
"CA-2015-151680",141.96
"CA-2016-146157",141.58
"CA-2016-115574",141.37
"US-2016-123470",141.21
"CA-2017-105620",141.00
"US-2015-110569",140.98
"CA-2017-169999",140.87
"CA-2016-157763",140.81
"CA-2014-121664",140.74
"CA-2015-161445",140.74
"CA-2016-101525",140.52
"CA-2015-136420",139.82
"CA-2014-123855",139.80
"CA-2017-151281",139.58
"US-2015-157014",139.54
"CA-2014-163559",139.44
"CA-2015-166135",139.42
"CA-2015-105102",139.21
"CA-2017-158876",138.70
"CA-2016-166380",138.53
"CA-2017-139080",138.43
"CA-2017-143021",138.38
"US-2017-104437",137.94
"CA-2014-140403",137.63
"CA-2014-108861",136.96
"CA-2015-157959",136.92
"US-2015-123918",136.72
"CA-2017-139304",136.53
"US-2016-126431",136.43
"CA-2017-107125",136.33
"CA-2017-145506",136.26
"CA-2017-160927",136.20
"CA-2016-160234",135.95
"US-2015-146745",135.94
"CA-2016-121447",135.80
"CA-2017-169859",134.91
"CA-2016-167759",134.85
"CA-2014-160262",134.60
"CA-2017-164826",134.52
"CA-2015-137897",134.50
"CA-2014-131310",134.40
"CA-2015-159863",134.38
"US-2016-164945",134.27
"US-2017-125647",133.90
"CA-2017-138464",133.58
"US-2016-157728",133.54
"CA-2016-146143",133.38
"CA-2014-104472",133.13
"US-2017-147998",133.12
"CA-2016-133697",132.96
"CA-2015-125185",132.94
"CA-2016-133340",132.81
"US-2016-156986",132.71
"CA-2017-156818",132.60
"CA-2017-106103",132.52
"CA-2017-157448",132.36
"CA-2016-125017",132.22
"US-2016-134908",132.17
"CA-2014-109918",131.84
"CA-2015-148180",131.48
"CA-2016-149783",131.10
"CA-2017-159793",130.98
"CA-2014-124394",130.76
"CA-2017-136364",130.60
"CA-2017-162572",130.57
"CA-2015-161711",130.40
"CA-2016-143924",130.36
"CA-2016-108868",130.33
"US-2015-122140",130.29
"CA-2015-127481",130.28
"CA-2014-127187",129.98
"CA-2016-104969",129.97
"CA-2017-123134",129.93
"CA-2014-151967",129.92
"CA-2014-117429",129.92
"CA-2017-161340",129.83
"US-2015-168732",129.64
"CA-2017-134152",129.60
"US-2014-110674",129.57
"CA-2015-111094",129.52
"CA-2014-100706",129.44
"CA-2017-169124",129.39
"CA-2014-158470",129.33
"CA-2017-164329",129.30
"US-2014-113124",129.30
"CA-2017-143252",129.29
"CA-2016-166226",129.03
"CA-2015-119690",128.92
"CA-2017-129581",128.85
"CA-2015-139738",128.74
"US-2016-123610",128.67
"CA-2015-148376",128.52
"CA-2016-121356",128.40
"CA-2016-164637",128.40
"CA-2015-100685",128.36
"CA-2016-135965",128.34
"CA-2015-142419",128.32
"CA-2016-146374",128.07
"CA-2017-156895",128.06
"CA-2017-157980",127.98
"CA-2016-154235",127.95
"CA-2017-129028",127.95
"CA-2014-112837",127.95
"CA-2014-110219",127.87
"CA-2015-142734",127.76
"CA-2017-130771",127.69
"CA-2017-147942",127.46
"CA-2016-155474",127.28
"CA-2017-115931",126.98
"CA-2017-118731",126.66
"CA-2014-127859",126.62
"CA-2016-137848",126.18
"CA-2017-163860",125.98
"US-2015-136427",125.94
"CA-2015-146290",125.93
"CA-2016-125843",125.92
"CA-2016-141082",125.81
"US-2015-148817",125.64
"CA-2017-158386",124.75
"CA-2016-145898",124.58
"CA-2015-121776",124.55
"US-2017-123834",124.40
"CA-2017-144827",124.36
"CA-2014-107454",124.20
"US-2016-144211",124.06
"CA-2016-104983",123.92
"CA-2014-119977",123.92
"CA-2016-158547",123.92
"CA-2016-124485",123.66
"CA-2017-138611",123.59
"US-2014-155894",123.55
"CA-2014-135699",123.28
"CA-2014-123323",123.14
"US-2017-152002",122.97
"CA-2015-151869",122.62
"CA-2017-145877",122.60
"CA-2017-122798",122.53
"CA-2016-122448",122.35
"CA-2016-114307",122.34
"CA-2016-122728",122.22
"US-2017-101784",122.14
"CA-2014-119172",122.05
"US-2016-155971",121.95
"CA-2015-125563",121.89
"US-2016-112396",121.83
"CA-2017-167661",121.82
"CA-2016-162159",121.78
"CA-2017-110940",121.54
"US-2016-139486",121.44
"CA-2014-146500",121.24
"CA-2016-136021",121.09
"CA-2017-105991",120.78
"CA-2015-128125",120.76
"CA-2014-102295",120.71
"CA-2015-126137",120.67
"CA-2016-163972",120.67
"CA-2017-163097",120.58
"US-2015-104185",120.33
"US-2014-105137",120.25
"CA-2016-144554",119.98
"CA-2015-103205",119.96
"CA-2017-118864",119.96
"US-2017-118598",119.94
"CA-2015-154886",119.90
"CA-2014-132864",119.80
"CA-2014-144071",119.32
"CA-2016-119935",119.26
"CA-2017-126354",119.18
"CA-2017-144932",118.32
"CA-2016-101693",117.96
"CA-2016-147431",117.96
"CA-2015-165799",117.88
"CA-2014-148488",117.70
"CA-2017-133095",117.62
"CA-2017-110884",117.51
"CA-2015-142433",117.46
"CA-2014-107181",117.14
"CA-2016-169887",116.96
"CA-2014-163293",116.85
"CA-2017-152856",116.83
"CA-2017-127313",116.51
"CA-2017-117023",116.48
"CA-2015-139780",116.40
"CA-2017-149706",116.31
"CA-2014-143413",116.28
"CA-2016-137673",116.00
"US-2017-115301",115.96
"CA-2014-113929",115.95
"CA-2017-158071",115.92
"CA-2016-105354",115.84
"CA-2016-134516",115.48
"CA-2016-130407",115.46
"US-2015-113593",115.44
"CA-2015-104514",115.40
"US-2014-157231",115.36
"CA-2014-107755",115.36
"CA-2017-136609",115.30
"CA-2015-111199",115.30
"CA-2016-111318",115.14
"CA-2016-134425",114.95
"CA-2017-131625",114.90
"CA-2017-140508",114.85
"US-2016-146710",114.84
"US-2014-117744",114.78
"US-2017-119816",114.68
"CA-2016-111976",114.56
"CA-2016-125206",114.46
"CA-2017-103352",114.41
"CA-2017-132976",114.38
"CA-2015-137708",114.37
"CA-2014-151379",114.20
"US-2014-154879",113.72
"CA-2017-168102",113.57
"CA-2016-113425",113.57
"US-2017-169502",113.41
"CA-2015-110947",113.10
"CA-2014-157546",112.54
"CA-2016-151372",112.12
"CA-2015-105970",112.04
"CA-2017-140494",111.96
"CA-2016-127642",111.96
"CA-2016-159345",111.96
"CA-2014-159121",111.93
"US-2015-130519",111.90
"CA-2016-144792",111.89
"CA-2014-167360",111.79
"CA-2017-141138",111.79
"CA-2015-148873",111.76
"CA-2016-155992",111.75
"CA-2016-169334",111.67
"CA-2016-100671",111.67
"CA-2016-118052",111.50
"CA-2017-166856",111.42
"CA-2014-122217",111.15
"CA-2016-111283",111.10
"CA-2014-164182",111.04
"CA-2015-134082",110.53
"US-2017-118556",110.43
"CA-2014-153479",110.10
"CA-2017-132213",109.97
"CA-2016-138079",109.90
"CA-2017-143658",109.90
"CA-2014-114517",109.84
"CA-2015-100657",109.76
"CA-2017-167626",109.70
"CA-2017-147844",109.62
"CA-2015-127110",109.36
"CA-2016-158211",109.25
"CA-2017-122077",109.21
"CA-2014-158337",108.92
"CA-2017-107748",108.80
"CA-2014-130673",108.44
"US-2016-150147",108.42
"CA-2017-161557",108.40
"CA-2017-104927",108.13
"CA-2017-149489",107.99
"CA-2015-114923",107.98
"CA-2015-123330",107.98
"CA-2017-125381",107.97
"CA-2016-140774",107.94
"CA-2016-111794",107.86
"CA-2016-106894",107.83
"US-2015-125374",107.77
"CA-2015-129217",107.75
"CA-2017-155712",107.65
"US-2014-131982",107.65
"US-2017-117450",107.55
"CA-2014-132801",107.44
"CA-2016-157511",107.39
"CA-2014-166961",107.35
"CA-2016-169824",107.07
"CA-2014-125136",106.95
"CA-2015-107685",106.88
"CA-2015-138331",106.80
"CA-2015-108672",106.68
"CA-2015-102722",106.50
"CA-2016-108581",106.34
"CA-2017-107265",106.32
"CA-2017-125115",106.11
"CA-2016-166373",106.08
"CA-2015-155054",106.08
"CA-2017-136539",106.02
"CA-2015-113110",105.69
"CA-2016-154067",105.52
"CA-2014-159681",105.52
"CA-2016-108350",105.52
"CA-2015-134782",105.42
"CA-2017-119004",105.40
"US-2014-130379",104.92
"CA-2016-112060",104.85
"CA-2017-117807",104.85
"US-2017-139577",104.75
"CA-2016-109743",104.72
"CA-2016-108959",104.70
"CA-2015-162537",104.51
"CA-2016-158575",103.97
"CA-2017-158407",103.96
"CA-2014-149594",103.94
"CA-2014-144407",103.60
"US-2014-164763",103.50
"CA-2017-169404",103.48
"CA-2016-128867",103.20
"CA-2016-162383",103.06
"CA-2017-108910",103.06
"CA-2017-132955",102.93
"CA-2017-126536",102.83
"US-2017-100398",102.72
"CA-2017-127285",102.65
"CA-2017-106747",102.30
"CA-2016-121755",102.22
"CA-2017-136623",101.75
"CA-2014-151001",101.73
"CA-2014-154781",101.57
"CA-2017-146626",101.12
"CA-2017-133823",101.06
"CA-2015-122287",101.01
"CA-2017-132346",100.94
"CA-2017-161893",100.92
"CA-2015-105613",100.86
"CA-2015-137071",100.80
"CA-2016-163153",100.71
"CA-2014-101175",100.70
"CA-2016-160129",100.62
"CA-2016-134775",100.50
"CA-2014-123498",100.40
"CA-2014-130449",100.36
"US-2016-108455",100.25
"CA-2014-151897",100.24
"CA-2016-109806",100.16
"CA-2016-113516",100.16
"CA-2014-152233",99.98
"CA-2014-103058",99.98
"US-2017-143175",99.87
"CA-2017-100825",99.87
"CA-2016-155138",99.87
"CA-2015-142993",99.86
"CA-2016-120796",99.85
"CA-2016-130225",99.57
"CA-2016-105963",99.39
"CA-2015-149587",99.26
"US-2017-141509",99.20
"CA-2015-143616",99.20
"CA-2016-133123",99.15
"CA-2014-164259",99.14
"US-2016-134656",99.14
"CA-2017-139822",98.60
"US-2017-149510",98.45
"CA-2017-168193",98.35
"CA-2015-131072",98.35
"US-2016-141880",98.33
"CA-2016-111493",98.16
"CA-2016-130477",97.96
"US-2017-158505",97.92
"CA-2017-138548",97.84
"CA-2015-113131",97.68
"US-2015-131842",97.42
"CA-2017-137918",97.30
"US-2017-152366",97.26
"US-2017-131961",97.24
"CA-2017-153787",97.16
"CA-2014-111059",97.11
"CA-2017-103478",97.05
"CA-2015-105725",96.60
"CA-2017-161018",96.53
"CA-2017-137323",96.36
"US-2015-111927",96.10
"CA-2017-137365",95.98
"CA-2017-135034",95.98
"CA-2014-131527",95.97
"CA-2017-122105",95.92
"CA-2015-104052",95.84
"CA-2016-103891",95.76
"CA-2017-167227",95.66
"CA-2017-139619",95.62
"CA-2017-137876",95.52
"CA-2017-131492",95.39
"US-2017-145366",94.79
"CA-2014-134726",94.73
"CA-2015-153038",94.69
"CA-2017-140298",94.52
"CA-2016-126529",94.45
"US-2014-102631",94.43
"CA-2017-149944",94.36
"CA-2014-114195",94.26
"CA-2017-126634",94.20
"CA-2016-117919",94.08
"CA-2016-169166",93.98
"CA-2016-131380",93.90
"CA-2014-110072",93.89
"CA-2015-149601",93.79
"CA-2017-101308",93.72
"CA-2017-161102",93.52
"US-2016-152373",93.46
"CA-2016-139808",93.36
"CA-2014-124079",93.17
"US-2016-119046",93.06
"CA-2014-128986",93.02
"CA-2016-101189",93.02
"CA-2017-126865",92.94
"CA-2014-108273",92.86
"CA-2016-119074",92.70
"CA-2014-143385",92.52
"CA-2014-132787",92.52
"CA-2017-120222",92.39
"CA-2014-128237",92.36
"CA-2015-124541",92.06
"CA-2017-169439",92.03
"CA-2017-120761",91.96
"CA-2014-152422",91.92
"CA-2017-144638",91.73
"CA-2014-148761",91.68
"US-2014-131870",91.49
"CA-2016-140977",91.48
"CA-2017-119424",91.42
"CA-2017-117653",91.28
"CA-2016-144540",91.23
"US-2017-110149",91.19
"CA-2017-108749",91.14
"CA-2014-100293",91.06
"CA-2017-123239",91.03
"CA-2015-127327",90.88
"CA-2017-122007",90.86
"CA-2017-154809",90.64
"CA-2014-157721",90.61
"US-2017-133081",90.60
"CA-2014-133830",90.58
"US-2017-113852",90.57
"CA-2016-146836",90.52
"CA-2016-150077",90.48
"CA-2016-161669",90.40
"CA-2014-113579",90.24
"CA-2015-108588",90.17
"CA-2016-126270",90.06
"US-2016-144351",89.97
"CA-2016-147536",89.97
"US-2014-124625",89.97
"CA-2017-142293",89.97
"CA-2017-141103",89.95
"CA-2016-137939",89.95
"CA-2015-162621",89.86
"US-2015-118906",89.82
"CA-2017-142174",89.57
"CA-2015-140830",89.36
"US-2016-156692",89.32
"CA-2017-125388",89.26
"CA-2015-151547",88.96
"CA-2017-115448",88.92
"US-2015-120712",88.80
"CA-2014-148782",88.78
"CA-2017-121538",88.77
"CA-2014-137911",88.77
"CA-2015-145821",88.75
"CA-2016-109176",88.70
"CA-2016-157588",88.15
"US-2014-104759",88.11
"US-2017-147655",88.07
"CA-2017-130631",88.06
"CA-2016-149902",88.04
"US-2017-154872",87.99
"CA-2017-106033",87.92
"CA-2017-139437",87.92
"CA-2016-138282",87.84
"US-2015-142811",87.80
"CA-2017-133648",87.68
"CA-2017-104577",87.60
"CA-2014-120887",87.54
"CA-2017-126956",87.52
"US-2016-101616",87.28
"CA-2015-141145",87.17
"CA-2014-105417",87.16
"CA-2015-100251",87.10
"CA-2015-169201",86.82
"CA-2016-113061",86.62
"CA-2016-162747",86.45
"CA-2014-126032",86.38
"CA-2016-148698",86.35
"CA-2016-140613",86.20
"US-2015-151435",85.98
"US-2014-164616",85.96
"CA-2015-142377",85.96
"CA-2015-100216",85.92
"CA-2016-113551",85.91
"CA-2015-153906",85.90
"CA-2015-156013",85.85
"CA-2015-134859",85.68
"CA-2017-152709",85.52
"CA-2017-167150",85.51
"CA-2016-152163",85.50
"CA-2015-127593",85.30
"US-2016-148803",85.22
"CA-2016-129308",85.21
"CA-2017-126396",85.20
"CA-2017-147403",85.06
"CA-2015-104297",85.06
"CA-2014-135993",85.01
"CA-2015-114503",84.96
"CA-2017-102771",84.95
"CA-2014-120852",84.87
"CA-2016-109925",84.84
"CA-2014-133228",84.83
"CA-2016-116344",84.78
"CA-2016-134544",84.78
"CA-2016-114209",84.62
"CA-2015-153108",84.61
"CA-2015-104486",84.56
"CA-2017-145779",84.42
"CA-2016-129847",84.27
"US-2016-113509",83.98
"US-2016-100566",83.95
"CA-2014-110611",83.92
"CA-2017-144750",83.88
"CA-2017-115364",83.76
"CA-2016-101651",83.72
"CA-2016-126284",83.70
"CA-2015-132948",83.70
"CA-2016-155187",83.66
"CA-2017-125269",83.21
"CA-2016-157266",83.15
"CA-2017-123624",82.95
"US-2016-161844",82.92
"CA-2016-110366",82.80
"CA-2015-132570",82.74
"CA-2014-109491",82.63
"CA-2016-134110",82.41
"US-2017-136189",82.38
"US-2016-101196",82.37
"CA-2016-113726",82.26
"US-2017-161193",82.26
"CA-2016-166912",81.98
"US-2014-147648",81.98
"CA-2016-143749",81.94
"CA-2017-128769",81.57
"CA-2017-126550",81.40
"CA-2016-164735",81.20
"CA-2015-108259",81.13
"US-2017-104451",81.08
"CA-2015-135391",80.88
"CA-2014-166989",80.62
"CA-2017-122987",80.57
"CA-2017-123351",80.48
"CA-2015-134992",80.38
"CA-2017-136007",80.36
"CA-2016-147123",80.28
"CA-2017-163321",79.99
"CA-2017-159688",79.99
"CA-2015-127544",79.99
"CA-2015-137106",79.96
"CA-2017-104388",79.96
"CA-2015-135272",79.92
"CA-2015-155040",79.90
"CA-2016-137330",79.80
"CA-2016-110982",79.79
"US-2016-117793",79.74
"US-2014-105767",79.64
"CA-2014-107594",79.56
"CA-2014-140039",79.40
"CA-2016-141019",79.38
"CA-2015-105844",79.36
"CA-2015-132374",79.36
"CA-2017-104745",79.34
"CA-2016-145247",79.14
"CA-2017-134635",79.14
"US-2016-159415",79.12
"CA-2017-163335",79.00
"US-2016-158288",78.76
"CA-2017-118640",78.50
"CA-2015-155068",78.45
"CA-2015-112375",78.19
"CA-2014-150490",78.12
"CA-2017-144064",78.04
"CA-2016-101343",77.88
"CA-2015-152527",77.88
"CA-2016-149223",77.88
"CA-2014-166590",77.86
"US-2017-158512",77.76
"US-2015-117492",77.58
"CA-2015-161214",77.55
"US-2016-111563",77.49
"CA-2015-101126",77.24
"CA-2014-111150",77.21
"CA-2015-162376",77.06
"US-2016-163461",76.86
"CA-2017-155740",76.78
"CA-2015-126669",76.64
"US-2017-128118",76.52
"CA-2014-127012",76.28
"CA-2014-169460",76.14
"CA-2014-139423",76.12
"CA-2017-121615",75.90
"CA-2016-119823",75.88
"CA-2017-102946",75.79
"CA-2014-168592",75.64
"CA-2017-150189",75.18
"CA-2014-152562",75.16
"CA-2016-166163",75.13
"CA-2015-115091",75.04
"CA-2017-104913",74.95
"CA-2015-130022",74.94
"CA-2017-128335",74.89
"CA-2017-138870",74.88
"CA-2015-103093",74.52
"CA-2017-127117",74.45
"CA-2017-162712",74.35
"CA-2017-160031",74.35
"CA-2015-103793",74.35
"CA-2016-136322",74.32
"CA-2015-111612",74.13
"CA-2015-101091",74.04
"CA-2017-161459",74.04
"CA-2016-110009",74.00
"CA-2014-138177",73.92
"CA-2016-144645",73.78
"CA-2015-164336",73.78
"US-2014-120313",73.58
"CA-2017-144113",73.56
"US-2016-151260",73.54
"CA-2017-133718",73.51
"CA-2016-132549",73.36
"CA-2016-145135",73.33
"CA-2015-121272",73.28
"CA-2014-138359",73.20
"CA-2016-102498",73.20
"CA-2017-100335",73.01
"CA-2016-154711",72.89
"CA-2017-121804",72.80
"CA-2015-131352",72.78
"US-2014-138828",72.69
"CA-2015-112214",72.65
"US-2014-100853",72.61
"CA-2016-106383",72.29
"CA-2015-149811",72.24
"CA-2016-160486",72.22
"US-2017-148768",71.98
"CA-2017-128475",71.98
"US-2015-159513",71.98
"CA-2014-110639",71.84
"US-2017-156909",71.37
"US-2015-118983",71.35
"CA-2016-155481",71.16
"US-2017-165953",71.10
"CA-2016-126165",71.09
"CA-2016-164889",71.09
"CA-2017-109589",71.00
"CA-2016-165484",70.98
"CA-2017-142888",70.98
"CA-2017-147725",70.95
"CA-2016-158869",70.88
"CA-2016-106460",70.88
"CA-2014-105872",70.37
"CA-2016-114405",70.27
"CA-2016-125164",70.22
"CA-2015-164441",70.21
"CA-2017-164042",70.15
"CA-2015-122259",70.12
"CA-2017-168172",70.12
"US-2016-128678",70.06
"CA-2014-101476",69.99
"US-2017-128832",69.98
"CA-2017-159352",69.93
"CA-2016-164938",69.93
"CA-2014-142727",69.90
"US-2014-148194",69.86
"CA-2017-122735",69.66
"CA-2016-158610",69.52
"CA-2017-117926",69.48
"CA-2017-140760",69.26
"CA-2014-140886",69.22
"CA-2017-110310",68.97
"CA-2016-156811",68.95
"US-2017-166611",68.74
"CA-2017-140802",68.72
"CA-2014-125514",68.71
"CA-2014-114125",68.70
"CA-2015-159779",68.62
"CA-2014-144974",68.53
"CA-2016-152457",68.52
"CA-2017-153080",68.46
"CA-2016-125724",68.43
"CA-2017-148642",68.42
"CA-2015-162166",68.28
"US-2014-103905",68.20
"CA-2016-129196",68.11
"CA-2015-135510",67.96
"US-2017-152898",67.90
"CA-2017-147767",67.86
"US-2017-152569",67.82
"CA-2017-125101",67.78
"US-2014-155817",67.76
"CA-2016-164350",67.56
"CA-2014-133305",67.40
"CA-2017-102967",67.40
"CA-2016-146423",67.32
"CA-2017-115651",67.30
"US-2014-147774",67.19
"CA-2014-141173",67.15
"US-2016-117387",67.14
"CA-2014-141110",67.11
"CA-2016-146682",67.00
"CA-2016-139934",66.98
"CA-2016-149916",66.92
"CA-2016-169194",66.80
"CA-2014-121286",66.62
"CA-2015-147102",66.36
"CA-2016-168536",66.30
"CA-2014-138436",66.30
"CA-2016-169971",66.29
"US-2017-116701",66.28
"US-2016-118780",66.17
"CA-2014-124513",66.03
"CA-2017-123981",65.99
"CA-2014-104402",65.97
"CA-2016-167507",65.94
"CA-2015-158456",65.86
"CA-2017-121160",65.84
"CA-2014-168305",65.80
"US-2014-150126",65.78
"CA-2017-111262",65.73
"US-2015-142020",65.72
"CA-2017-168739",65.42
"CA-2017-132437",65.12
"CA-2016-121034",65.12
"CA-2016-140417",65.07
"CA-2016-125850",65.05
"CA-2017-157350",64.96
"US-2014-169390",64.96
"CA-2014-123477",64.86
"CA-2017-127516",64.78
"US-2016-128293",64.78
"CA-2015-121699",64.75
"CA-2015-133396",64.68
"CA-2016-149965",64.59
"CA-2017-156363",64.38
"CA-2017-156272",64.38
"CA-2016-145709",64.25
"CA-2014-133704",64.15
"US-2015-144771",64.07
"CA-2015-139850",64.04
"US-2014-120175",64.02
"CA-2016-166653",63.97
"CA-2017-158344",63.96
"US-2016-117037",63.93
"CA-2014-103702",63.92
"CA-2017-117821",63.92
"CA-2014-150301",63.88
"CA-2016-100153",63.88
"CA-2017-157672",63.82
"US-2017-160759",63.69
"CA-2016-118255",63.44
"CA-2014-169257",63.39
"CA-2017-101798",63.34
"US-2017-101721",63.31
"CA-2014-143168",63.30
"US-2016-147340",63.20
"CA-2015-156510",63.14
"CA-2014-162866",62.97
"CA-2017-151911",62.96
"CA-2014-141005",62.94
"CA-2017-165603",62.92
"CA-2014-115357",62.91
"CA-2016-127194",62.82
"CA-2014-149055",62.81
"CA-2015-145485",62.80
"US-2016-135209",62.75
"CA-2017-131303",62.65
"CA-2015-125066",62.46
"US-2017-132220",62.35
"CA-2014-103590",62.28
"CA-2014-156342",62.02
"US-2016-162026",61.96
"CA-2014-149524",61.96
"CA-2015-115847",61.96
"CA-2017-155824",61.87
"CA-2015-132507",61.79
"CA-2016-103947",61.70
"CA-2015-154970",61.58
"CA-2017-152660",61.57
"US-2017-156356",61.49
"CA-2015-168760",61.44
"CA-2016-134376",61.44
"CA-2017-141481",61.44
"CA-2016-149671",61.38
"CA-2017-101483",61.22
"CA-2016-108630",61.12
"CA-2016-105753",61.10
"CA-2015-127019",60.98
"CA-2015-131758",60.87
"CA-2015-149517",60.84
"CA-2017-113208",60.84
"CA-2016-118913",60.81
"CA-2017-142125",60.72
"CA-2016-120005",60.63
"CA-2017-145772",60.62
"CA-2016-156573",60.49
"US-2016-132577",60.45
"CA-2014-104773",60.42
"CA-2017-119389",60.31
"CA-2014-133424",60.24
"US-2014-157847",60.21
"CA-2016-149685",60.14
"CA-2017-146031",60.12
"CA-2014-141838",60.08
"CA-2016-113656",59.99
"US-2016-119298",59.98
"CA-2016-164154",59.95
"CA-2014-101462",59.92
"US-2017-108014",59.91
"CA-2015-114468",59.85
"CA-2017-103065",59.83
"CA-2017-129910",59.76
"CA-2016-121601",59.75
"CA-2014-124807",59.70
"CA-2017-143665",59.62
"CA-2016-120082",59.52
"CA-2015-130218",59.48
"CA-2017-167668",59.20
"CA-2017-101049",59.18
"US-2014-158057",59.11
"CA-2016-106397",58.94
"CA-2015-153325",58.72
"CA-2016-107615",58.58
"CA-2017-100748",58.48
"US-2016-131674",58.42
"CA-2016-133872",58.40
"CA-2015-112319",58.32
"CA-2014-131051",58.20
"CA-2015-168459",58.05
"CA-2017-121216",57.98
"CA-2014-120775",57.91
"CA-2016-116379",57.58
"CA-2016-144400",57.58
"CA-2017-133207",57.57
"CA-2017-134838",57.51
"CA-2015-104493",57.50
"US-2014-107699",57.42
"CA-2015-139962",57.32
"CA-2014-152345",57.27
"CA-2016-157000",57.24
"CA-2017-162033",57.01
"US-2017-169488",56.86
"CA-2016-101448",56.82
"CA-2015-167374",56.81
"US-2017-157224",56.70
"CA-2014-103219",56.52
"CA-2017-131016",56.51
"US-2016-140809",56.45
"US-2014-163146",56.40
"CA-2015-115693",56.30
"CA-2015-154340",56.30
"CA-2017-101182",56.14
"CA-2016-162110",55.99
"CA-2015-104115",55.98
"CA-2016-163398",55.97
"US-2014-150532",55.92
"CA-2017-133074",55.86
"US-2014-137680",55.68
"CA-2017-102729",55.62
"CA-2014-167164",55.50
"CA-2017-118542",55.49
"CA-2014-113887",55.48
"CA-2015-154144",55.48
"CA-2015-119907",55.42
"CA-2016-149111",55.41
"CA-2016-112893",55.36
"CA-2017-157420",55.18
"CA-2016-141887",54.99
"CA-2016-111143",54.96
"CA-2017-102659",54.90
"CA-2016-155565",54.90
"CA-2016-167416",54.90
"CA-2017-104010",54.90
"CA-2017-124576",54.90
"CA-2014-149020",54.83
"CA-2017-121909",54.82
"CA-2016-118969",54.79
"CA-2017-156769",54.66
"CA-2017-162929",54.64
"CA-2016-163986",54.50
"CA-2014-139542",54.48
"US-2016-146857",54.48
"CA-2015-103716",54.45
"CA-2015-119697",54.38
"US-2017-112613",54.37
"US-2017-145597",54.34
"CA-2017-117261",54.32
"US-2015-106873",54.24
"CA-2014-154165",54.21
"CA-2015-155586",54.17
"CA-2017-130967",53.98
"CA-2014-126522",53.94
"CA-2017-146493",53.90
"CA-2014-135090",53.82
"CA-2017-132584",53.72
"CA-2016-115588",53.70
"CA-2016-107216",53.70
"CA-2014-157644",53.67
"CA-2016-130778",53.49
"CA-2016-132094",53.45
"CA-2016-102932",53.37
"CA-2014-142965",53.34
"CA-2015-122168",53.28
"CA-2016-148908",53.25
"CA-2015-110093",53.23
"CA-2015-106208",53.09
"CA-2015-145828",53.04
"CA-2015-167745",52.98
"CA-2014-122588",52.96
"CA-2017-114804",52.79
"CA-2017-111759",52.76
"CA-2014-115133",52.75
"CA-2017-121818",52.70
"US-2014-117170",52.60
"CA-2015-111017",52.59
"CA-2017-105130",52.50
"US-2017-114657",52.44
"CA-2016-112389",52.41
"CA-2017-132185",52.34
"CA-2015-157343",52.25
"CA-2015-111297",52.20
"CA-2016-124016",52.15
"CA-2016-121958",52.14
"CA-2016-149195",52.10
"CA-2014-132227",52.06
"CA-2017-146920",52.06
"CA-2017-102099",51.99
"CA-2015-154200",51.98
"CA-2015-138492",51.97
"CA-2015-106565",51.84
"US-2016-126844",51.71
"CA-2015-149566",51.60
"CA-2015-111073",51.59
"CA-2015-132906",51.52
"CA-2015-119102",51.45
"US-2017-126053",51.41
"CA-2017-157833",51.31
"CA-2016-119123",51.18
"US-2014-115987",51.18
"CA-2017-148138",51.17
"CA-2014-135755",51.08
"CA-2015-120439",51.07
"US-2014-107993",51.02
"CA-2017-138163",50.94
"CA-2015-161830",50.91
"CA-2015-112014",50.80
"CA-2016-119018",50.77
"CA-2016-165827",50.50
"CA-2015-162761",50.46
"CA-2017-165757",50.42
"CA-2017-144883",50.40
"CA-2017-112473",50.14
"CA-2016-135594",50.12
"CA-2015-132080",50.11
"CA-2017-142328",50.04
"CA-2015-126347",50.00
"CA-2015-111458",50.00
"CA-2014-132500",49.98
"CA-2017-102414",49.89
"US-2014-163797",49.79
"CA-2017-109757",49.71
"CA-2017-100160",49.69
"CA-2014-169033",49.65
"CA-2014-151078",49.63
"CA-2017-114370",49.62
"CA-2014-127383",49.57
"CA-2014-154837",49.57
"US-2017-151127",49.56
"CA-2016-118500",49.50
"CA-2016-131576",49.44
"US-2014-158400",49.41
"CA-2015-151841",49.40
"CA-2017-147564",49.12
"US-2017-146822",49.12
"CA-2015-129770",49.12
"CA-2017-136672",49.08
"CA-2016-158806",49.00
"CA-2014-102008",48.94
"CA-2014-111857",48.91
"CA-2017-107503",48.90
"CA-2017-110212",48.90
"CA-2017-163209",48.88
"CA-2017-155159",48.87
"CA-2017-100601",48.86
"CA-2015-110632",48.84
"CA-2015-155635",48.81
"CA-2017-133641",48.69
"CA-2015-123456",48.63
"CA-2015-166492",48.50
"CA-2014-129574",48.40
"CA-2014-165477",48.36
"CA-2016-132143",48.16
"CA-2017-128699",47.99
"CA-2017-149181",47.99
"CA-2015-165414",47.98
"CA-2017-118367",47.98
"CA-2017-169901",47.98
"CA-2015-151043",47.98
"US-2015-163685",47.97
"US-2016-163538",47.97
"CA-2017-164917",47.96
"CA-2015-100888",47.95
"US-2017-129441",47.94
"CA-2017-124940",47.90
"CA-2014-133634",47.79
"CA-2014-156006",47.79
"CA-2014-107524",47.76
"CA-2017-100811",47.75
"CA-2015-122623",47.52
"US-2014-149034",47.50
"US-2015-117184",47.37
"CA-2017-167871",47.32
"CA-2014-111934",47.32
"CA-2014-116757",47.23
"US-2017-141852",47.12
"CA-2017-164364",47.10
"CA-2017-160983",46.96
"CA-2015-145457",46.90
"CA-2014-150329",46.87
"CA-2014-139017",46.86
"CA-2014-117709",46.80
"CA-2016-165015",46.72
"US-2014-157021",46.69
"CA-2015-144043",46.69
"CA-2015-169572",46.62
"CA-2016-113096",46.53
"CA-2016-155383",46.53
"CA-2017-151183",46.36
"CA-2016-148593",46.35
"CA-2015-143238",46.32
"CA-2017-107720",46.26
"CA-2014-107153",46.26
"CA-2017-148145",46.20
"CA-2015-119634",46.15
"CA-2014-120544",46.09
"CA-2017-116358",46.02
"CA-2016-161473",46.00
"CA-2015-128083",45.98
"CA-2016-116603",45.96
"CA-2017-120327",45.92
"CA-2017-132430",45.89
"CA-2015-147879",45.68
"CA-2017-155089",45.66
"CA-2016-163384",45.62
"CA-2016-114713",45.58
"CA-2015-151470",45.58
"CA-2017-158722",45.53
"CA-2015-109736",45.36
"CA-2015-164497",45.28
"CA-2014-160738",45.25
"CA-2017-134306",45.08
"CA-2015-142937",45.04
"CA-2014-136742",44.91
"CA-2016-134222",44.86
"CA-2017-134880",44.78
"US-2017-106705",44.75
"CA-2015-130792",44.66
"CA-2015-156440",44.46
"CA-2016-122322",44.40
"CA-2017-166849",44.40
"CA-2014-163650",44.34
"CA-2016-152534",44.04
"CA-2016-155488",44.02
"US-2016-131114",43.97
"CA-2017-115322",43.92
"US-2017-100482",43.89
"CA-2017-129833",43.85
"US-2017-116505",43.80
"CA-2014-120950",43.68
"CA-2015-119214",43.66
"CA-2016-139409",43.60
"US-2017-110989",43.50
"CA-2016-100468",43.46
"US-2017-144582",43.37
"CA-2014-141607",43.31
"CA-2014-111899",43.31
"CA-2014-137351",43.18
"CA-2015-144722",43.13
"CA-2015-143882",43.06
"CA-2014-148950",43.02
"CA-2015-105158",43.00
"CA-2017-118360",42.93
"CA-2017-107909",42.91
"CA-2017-151596",42.76
"US-2017-122637",42.62
"CA-2016-134348",42.62
"CA-2015-103072",42.32
"CA-2017-168403",42.28
"CA-2016-128811",42.24
"CA-2014-155390",42.21
"CA-2016-112578",41.99
"CA-2015-119508",41.98
"CA-2017-146780",41.96
"CA-2017-169012",41.91
"CA-2016-133802",41.90
"CA-2015-125395",41.90
"CA-2016-137736",41.86
"CA-2015-110324",41.62
"CA-2016-137393",41.60
"CA-2016-137204",41.57
"US-2015-107349",41.57
"US-2016-132423",41.53
"CA-2017-107797",41.47
"CA-2017-125752",41.42
"CA-2017-103506",41.40
"CA-2015-105599",41.37
"CA-2017-143329",41.37
"CA-2016-161095",41.32
"CA-2017-149468",41.28
"CA-2017-109099",40.99
"CA-2015-163090",40.92
"CA-2016-139689",40.90
"CA-2016-161781",40.88
"CA-2017-126123",40.86
"CA-2014-118192",40.85
"US-2017-101518",40.78
"US-2017-138086",40.74
"CA-2015-145415",40.74
"CA-2016-145842",40.74
"CA-2016-159989",40.68
"CA-2017-113075",40.68
"CA-2016-146010",40.64
"CA-2014-166457",40.54
"CA-2014-135405",40.54
"CA-2016-113082",40.48
"CA-2014-143637",40.48
"CA-2017-152786",40.41
"CA-2017-137344",40.29
"CA-2017-125290",40.28
"CA-2016-152632",40.20
"CA-2017-136000",40.18
"CA-2017-152485",40.09
"CA-2014-102645",40.08
"CA-2014-123925",40.05
"US-2017-131583",40.03
"CA-2016-138667",40.00
"US-2016-122182",39.99
"CA-2016-153353",39.99
"CA-2017-169362",39.98
"CA-2015-105508",39.98
"CA-2015-145324",39.96
"CA-2015-107020",39.92
"US-2016-116400",39.92
"CA-2017-169929",39.90
"CA-2017-140781",39.82
"US-2016-114230",39.81
"CA-2017-131212",39.80
"CA-2016-128111",39.68
"CA-2014-142979",39.68
"CA-2016-146437",39.68
"CA-2017-125990",39.62
"CA-2015-107083",39.61
"CA-2014-124464",39.48
"US-2015-100531",39.37
"CA-2017-151855",39.25
"CA-2014-166730",39.13
"CA-2014-155208",39.07
"CA-2016-145492",39.00
"CA-2014-126802",38.98
"US-2017-114034",38.88
"CA-2016-147473",38.88
"US-2015-140851",38.88
"US-2017-158946",38.86
"CA-2014-148614",38.66
"US-2014-161305",38.57
"CA-2015-105221",38.53
"CA-2015-159380",38.52
"CA-2017-156139",38.38
"CA-2017-130148",38.38
"CA-2016-105263",38.34
"CA-2016-166443",38.29
"CA-2016-130680",38.24
"US-2017-118038",38.20
"CA-2016-140641",38.19
"CA-2017-163188",38.16
"CA-2016-103919",38.08
"CA-2014-126200",38.06
"US-2017-108700",38.02
"CA-2017-118521",37.94
"CA-2016-154998",37.94
"CA-2015-142055",37.94
"CA-2017-169411",37.93
"CA-2015-132276",37.78
"CA-2016-141523",37.77
"CA-2015-153738",37.68
"CA-2017-150707",37.66
"CA-2016-166618",37.63
"US-2017-133781",37.61
"CA-2017-120614",37.52
"CA-2017-104647",37.44
"CA-2014-138709",37.44
"US-2016-144477",37.31
"US-2014-139500",37.30
"CA-2016-123414",37.27
"CA-2017-152926",37.20
"CA-2016-149335",37.17
"CA-2016-142762",37.05
"CA-2017-115805",36.79
"CA-2017-128160",36.67
"CA-2016-104311",36.65
"CA-2015-130876",36.63
"CA-2015-127418",36.62
"CA-2014-126963",36.54
"CA-2016-101623",36.48
"US-2017-111920",36.44
"CA-2016-116918",36.37
"US-2016-117541",36.37
"CA-2014-169852",36.36
"CA-2017-106852",36.35
"CA-2016-132409",36.35
"CA-2014-139451",36.29
"CA-2015-158148",36.27
"US-2014-160780",36.25
"CA-2016-125794",36.24
"CA-2016-130001",36.24
"US-2016-134761",36.19
"CA-2016-124814",36.16
"CA-2014-146990",36.10
"CA-2017-112865",36.05
"CA-2017-100580",36.02
"CA-2014-109890",35.98
"US-2017-114356",35.96
"CA-2017-117933",35.91
"CA-2014-127523",35.91
"CA-2017-148320",35.88
"CA-2015-156923",35.88
"CA-2016-158617",35.88
"CA-2017-151176",35.73
"CA-2017-144036",35.71
"CA-2017-163020",35.56
"CA-2017-154137",35.48
"CA-2017-139787",35.40
"CA-2016-160479",35.40
"CA-2016-126809",35.35
"CA-2014-149244",35.34
"CA-2016-136371",35.30
"CA-2015-116841",35.21
"US-2017-115595",35.20
"US-2017-116491",35.18
"CA-2017-126382",35.17
"CA-2015-147816",35.12
"CA-2017-116498",35.10
"CA-2017-165687",35.04
"CA-2016-101329",35.01
"CA-2016-113138",34.99
"CA-2016-130442",34.94
"CA-2017-148985",34.92
"CA-2014-127159",34.79
"CA-2017-120719",34.76
"CA-2014-165428",34.75
"CA-2014-104976",34.68
"CA-2016-161361",34.68
"US-2017-108063",34.65
"CA-2017-115427",34.62
"CA-2016-101938",34.58
"CA-2017-160724",34.50
"CA-2017-108294",34.50
"CA-2017-112774",34.50
"CA-2014-101833",34.44
"CA-2015-131128",34.44
"US-2015-136259",34.42
"CA-2016-101630",34.38
"CA-2016-151155",34.34
"CA-2014-130729",34.27
"CA-2017-110373",34.24
"CA-2017-124261",34.24
"CA-2014-130155",34.20
"CA-2016-162726",34.05
"CA-2015-157035",34.02
"CA-2014-116785",34.00
"CA-2016-140564",33.92
"US-2016-157840",33.90
"US-2016-153129",33.90
"CA-2016-161676",33.80
"CA-2017-150931",33.74
"CA-2017-144680",33.62
"CA-2016-126795",33.57
"CA-2016-111941",33.57
"CA-2017-130526",33.57
"CA-2014-141152",33.55
"CA-2015-148432",33.48
"CA-2017-149853",33.47
"CA-2016-167983",33.44
"CA-2016-123526",33.40
"CA-2016-105900",33.40
"CA-2017-104381",33.38
"CA-2015-138219",33.36
"CA-2017-143084",33.30
"CA-2017-105543",33.29
"CA-2016-143476",33.22
"CA-2016-113390",33.06
"CA-2015-149300",32.99
"CA-2015-120397",32.78
"CA-2017-165715",32.78
"CA-2014-165974",32.76
"CA-2016-109820",32.76
"CA-2015-148628",32.75
"CA-2017-117128",32.67
"CA-2017-169474",32.67
"CA-2017-155362",32.56
"CA-2016-152646",32.40
"CA-2016-120558",32.40
"CA-2016-113117",32.40
"CA-2014-109218",32.40
"CA-2015-133025",32.40
"US-2014-158365",32.40
"CA-2014-161634",32.40
"US-2017-148866",32.40
"CA-2015-145065",32.31
"CA-2014-168823",32.16
"CA-2017-124597",32.09
"US-2016-142251",32.06
"US-2015-158589",32.04
"US-2016-159093",32.04
"CA-2014-136861",31.98
"CA-2017-121468",31.97
"CA-2016-126858",31.96
"CA-2015-112053",31.95
"CA-2015-120320",31.92
"CA-2017-130043",31.87
"CA-2014-104780",31.84
"CA-2016-123176",31.83
"CA-2017-108756",31.80
"CA-2015-168809",31.78
"CA-2017-148355",31.74
"CA-2017-146185",31.74
"CA-2014-156433",31.68
"CA-2015-148495",31.56
"CA-2016-147578",31.56
"CA-2016-159639",31.56
"CA-2015-149636",31.54
"CA-2017-107986",31.44
"US-2014-127635",31.41
"CA-2014-103331",31.40
"CA-2016-162901",31.40
"CA-2016-165148",31.40
"CA-2016-109407",31.36
"US-2017-131849",31.35
"CA-2015-167696",31.12
"US-2016-136581",31.10
"CA-2016-118178",31.09
"CA-2015-166800",31.08
"CA-2017-117044",31.07
"US-2014-109036",31.05
"CA-2016-160598",31.01
"CA-2014-138023",30.96
"CA-2016-153185",30.96
"CA-2017-161970",30.90
"CA-2015-129098",30.84
"CA-2014-113320",30.72
"US-2017-119319",30.56
"CA-2014-133851",30.46
"CA-2017-127705",30.41
"CA-2016-126627",30.39
"CA-2017-100783",30.38
"CA-2016-128972",30.36
"CA-2014-156314",30.36
"CA-2017-101700",30.35
"CA-2016-161662",30.35
"CA-2016-167605",30.34
"CA-2016-122511",30.34
"CA-2017-149720",30.34
"US-2017-115252",30.33
"CA-2017-127656",30.32
"CA-2015-129112",30.26
"CA-2014-107398",30.25
"CA-2015-169740",29.99
"US-2016-150567",29.97
"CA-2017-109750",29.97
"US-2015-129553",29.97
"CA-2015-131779",29.90
"CA-2017-154102",29.90
"CA-2017-161088",29.84
"CA-2015-163762",29.79
"CA-2016-152940",29.74
"US-2017-160143",29.70
"CA-2017-100013",29.69
"CA-2017-138779",29.66
"CA-2016-169215",29.61
"CA-2014-138100",29.50
"CA-2016-152814",29.47
"CA-2017-107727",29.47
"CA-2016-139234",29.39
"CA-2017-122644",29.39
"CA-2016-119683",29.34
"CA-2017-121412",29.33
"CA-2015-165813",29.30
"CA-2017-148068",29.26
"CA-2014-102085",29.24
"CA-2015-114048",29.22
"US-2017-163195",29.16
"CA-2016-140207",29.12
"US-2016-133508",29.05
"CA-2016-101378",29.00
"US-2017-104955",28.91
"US-2016-115952",28.85
"CA-2014-169649",28.84
"CA-2017-152198",28.83
"CA-2016-105473",28.80
"CA-2014-147900",28.80
"CA-2017-150959",28.78
"CA-2015-143077",28.53
"CA-2017-133431",28.47
"CA-2017-123043",28.41
"CA-2016-154508",28.40
"CA-2017-135111",28.38
"CA-2017-107342",28.16
"CA-2017-120894",28.08
"CA-2014-138072",27.97
"CA-2016-161207",27.93
"CA-2016-142615",27.88
"CA-2016-159765",27.86
"CA-2016-157742",27.79
"CA-2017-123701",27.76
"CA-2016-113817",27.68
"CA-2017-154123",27.58
"CA-2015-111703",27.50
"CA-2017-110625",27.46
"CA-2014-155271",27.46
"CA-2017-107874",27.42
"CA-2016-162614",27.26
"CA-2016-138037",27.24
"CA-2015-160794",27.22
"CA-2016-153346",27.21
"US-2017-103226",27.18
"US-2015-165449",27.17
"CA-2015-169278",26.98
"CA-2015-121391",26.96
"CA-2016-149237",26.94
"US-2015-145121",26.90
"CA-2017-127621",26.88
"CA-2015-140375",26.82
"CA-2015-144253",26.80
"CA-2017-154088",26.72
"US-2014-164644",26.63
"CA-2017-103009",26.40
"CA-2017-163874",26.35
"CA-2016-130484",26.35
"US-2016-155180",26.34
"CA-2017-127803",26.16
"CA-2017-155558",26.15
"CA-2014-115056",26.14
"CA-2014-145576",26.13
"CA-2017-108322",26.06
"CA-2015-118227",25.99
"CA-2014-107916",25.95
"CA-2017-100433",25.92
"CA-2017-160458",25.92
"CA-2016-155439",25.92
"CA-2014-164861",25.92
"CA-2017-105326",25.92
"CA-2015-115924",25.90
"CA-2015-154900",25.87
"CA-2017-107314",25.83
"US-2016-154256",25.83
"US-2017-105697",25.70
"US-2017-140074",25.68
"CA-2016-120250",25.63
"CA-2016-103359",25.58
"CA-2014-120432",25.50
"CA-2017-167976",25.50
"CA-2015-109113",25.49
"CA-2015-112823",25.49
"CA-2017-131156",25.47
"CA-2016-165561",25.35
"CA-2015-144386",25.34
"CA-2017-158883",25.34
"CA-2014-110422",25.25
"CA-2014-158442",25.18
"US-2015-150161",25.18
"US-2014-165589",25.16
"US-2017-123281",25.11
"CA-2017-147753",25.06
"US-2014-111353",25.06
"CA-2017-110926",25.06
"CA-2016-166625",25.06
"US-2015-138716",25.03
"US-2015-141684",24.96
"CA-2016-131639",24.91
"CA-2014-147235",24.90
"CA-2016-163937",24.85
"CA-2016-157868",24.85
"CA-2015-148859",24.82
"CA-2016-100083",24.78
"CA-2014-165379",24.72
"US-2016-150357",24.71
"CA-2016-124233",24.70
"US-2017-146416",24.68
"CA-2015-126186",24.64
"US-2017-108245",24.62
"CA-2015-102806",24.59
"CA-2017-110478",24.57
"CA-2015-136105",24.56
"CA-2015-164623",24.56
"CA-2014-138296",24.56
"CA-2017-104822",24.55
"CA-2017-155642",24.50
"CA-2017-146136",24.45
"CA-2017-122112",24.45
"CA-2015-134922",24.40
"CA-2017-127922",24.29
"CA-2014-162362",24.24
"CA-2015-146465",24.19
"CA-2016-116232",24.07
"CA-2017-103156",24.05
"CA-2017-142867",24.05
"US-2017-166233",24.00
"CA-2017-100356",23.99
"US-2016-106677",23.99
"CA-2016-116974",23.98
"CA-2014-110030",23.98
"CA-2016-117408",23.97
"CA-2016-109057",23.95
"CA-2016-129903",23.92
"CA-2015-119942",23.90
"CA-2017-131618",23.88
"CA-2017-107461",23.88
"CA-2017-164049",23.85
"CA-2017-160087",23.83
"CA-2017-158120",23.77
"CA-2017-105144",23.68
"CA-2014-110352",23.68
"CA-2016-121993",23.62
"CA-2017-144568",23.55
"CA-2014-159625",23.47
"CA-2014-142951",23.47
"CA-2014-107573",23.47
"CA-2017-108091",23.36
"CA-2016-158043",23.36
"CA-2016-169026",23.34
"CA-2017-150609",23.24
"CA-2017-162936",23.18
"US-2017-141943",23.16
"US-2014-130358",23.12
"CA-2016-164035",23.12
"CA-2017-123659",23.12
"CA-2017-143651",23.10
"CA-2017-152968",23.08
"CA-2016-104689",23.04
"CA-2017-152499",22.99
"CA-2016-106656",22.98
"CA-2017-146458",22.96
"CA-2015-132815",22.96
"CA-2015-133536",22.92
"CA-2016-112340",22.92
"CA-2015-152513",22.85
"CA-2017-119564",22.77
"CA-2016-149349",22.75
"CA-2017-130904",22.74
"CA-2017-133333",22.72
"CA-2017-134649",22.63
"US-2016-120460",22.61
"CA-2017-134607",22.58
"CA-2015-120845",22.55
"CA-2016-113803",22.48
"CA-2017-169264",22.44
"US-2014-100279",22.38
"US-2015-167220",22.37
"CA-2014-148285",22.32
"CA-2015-129700",22.29
"CA-2015-154795",22.29
"US-2014-154655",22.24
"CA-2015-133627",22.20
"CA-2015-158792",22.20
"CA-2016-169922",22.15
"CA-2016-114951",22.14
"CA-2017-146724",22.00
"CA-2016-128727",22.00
"CA-2014-146528",22.00
"US-2017-140312",22.00
"CA-2017-142489",21.99
"CA-2015-128993",21.98
"CA-2014-104829",21.98
"CA-2017-117009",21.96
"US-2015-134271",21.93
"CA-2017-160661",21.93
"US-2016-154361",21.88
"CA-2016-120859",21.88
"CA-2017-105074",21.74
"CA-2014-130274",21.56
"CA-2016-155670",21.50
"CA-2016-111115",21.48
"CA-2014-133809",21.40
"US-2016-152835",21.40
"CA-2017-160934",21.40
"CA-2014-141278",21.40
"CA-2014-100363",21.38
"CA-2015-127607",21.37
"CA-2014-165568",21.36
"CA-2015-151624",21.36
"CA-2017-116204",21.34
"CA-2015-115420",21.34
"CA-2017-163671",21.31
"CA-2014-127936",21.24
"CA-2016-155446",21.21
"CA-2016-136595",21.20
"CA-2014-103807",21.19
"CA-2016-101168",21.12
"CA-2015-129392",21.12
"CA-2017-150602",21.12
"US-2015-130491",21.11
"US-2016-137547",21.07
"CA-2015-142139",20.96
"CA-2016-128307",20.94
"CA-2014-110527",20.88
"CA-2015-101007",20.80
"CA-2015-135363",20.78
"US-2015-168914",20.77
"CA-2017-104318",20.77
"US-2015-137533",20.74
"CA-2017-106537",20.74
"CA-2014-151554",20.74
"CA-2017-134173",20.74
"CA-2017-141614",20.74
"US-2017-141698",20.74
"US-2017-118535",20.70
"CA-2015-121132",20.69
"US-2017-120908",20.66
"CA-2017-144820",20.64
"CA-2017-112984",20.54
"CA-2015-111325",20.45
"CA-2015-148964",20.24
"CA-2017-169810",20.23
"CA-2017-151428",20.16
"US-2016-131058",20.16
"CA-2017-108931",20.12
"CA-2015-128860",20.10
"CA-2017-151190",20.07
"CA-2014-109134",20.04
"US-2016-119270",19.98
"CA-2017-163818",19.98
"CA-2014-118304",19.98
"CA-2014-153150",19.92
"CA-2017-147144",19.83
"CA-2015-103961",19.82
"CA-2017-107244",19.76
"CA-2017-143434",19.76
"CA-2014-152296",19.75
"CA-2014-122679",19.68
"CA-2017-150525",19.67
"CA-2015-156524",19.65
"CA-2016-144337",19.65
"CA-2016-117660",19.61
"CA-2015-144288",19.59
"CA-2015-121552",19.56
"CA-2017-111178",19.56
"CA-2014-141817",19.54
"CA-2016-147683",19.54
"CA-2017-125745",19.52
"CA-2015-144652",19.46
"CA-2014-156545",19.46
"CA-2014-155852",19.46
"US-2016-106313",19.44
"CA-2015-160213",19.44
"CA-2017-115777",19.44
"CA-2015-167479",19.44
"CA-2017-168179",19.44
"US-2014-112795",19.44
"CA-2014-130813",19.44
"CA-2015-150196",19.44
"CA-2014-133354",19.44
"CA-2016-100307",19.44
"US-2016-114776",19.44
"CA-2016-132990",19.31
"CA-2016-168921",19.30
"US-2014-147606",19.30
"CA-2017-146024",19.20
"CA-2015-141936",19.15
"CA-2016-112382",19.14
"CA-2017-159884",19.12
"CA-2017-134285",19.10
"CA-2017-158967",19.10
"CA-2017-114440",19.05
"CA-2017-117394",19.04
"US-2017-124303",19.01
"CA-2017-153654",19.01
"CA-2015-130610",19.00
"US-2016-101497",18.97
"CA-2016-119641",18.96
"CA-2017-105886",18.96
"CA-2015-120446",18.90
"CA-2014-105172",18.90
"CA-2016-140046",18.90
"CA-2016-136287",18.90
"CA-2016-147067",18.84
"CA-2017-128629",18.84
"CA-2014-166884",18.78
"CA-2017-122280",18.76
"CA-2014-100860",18.75
"CA-2016-128923",18.72
"CA-2016-151512",18.72
"CA-2017-164000",18.70
"US-2014-156216",18.65
"CA-2015-150511",18.54
"CA-2017-152261",18.53
"CA-2016-157364",18.48
"CA-2014-113964",18.46
"CA-2016-137652",18.43
"CA-2015-156377",18.42
"US-2017-168802",18.37
"CA-2017-135783",18.28
"CA-2017-143217",18.24
"CA-2014-134621",18.24
"US-2016-114888",18.19
"CA-2015-102778",18.18
"CA-2017-164098",18.16
"CA-2016-141586",18.16
"CA-2017-150504",18.16
"CA-2015-106978",18.13
"CA-2017-141446",18.00
"CA-2016-111696",17.94
"CA-2017-104906",17.94
"CA-2015-116512",17.94
"CA-2015-166604",17.94
"CA-2014-109904",17.94
"CA-2016-150000",17.92
"CA-2017-130715",17.90
"CA-2017-154935",17.88
"CA-2016-106915",17.86
"CA-2017-148166",17.86
"CA-2017-112536",17.80
"CA-2015-105361",17.64
"US-2016-144393",17.62
"CA-2017-101959",17.62
"CA-2017-117863",17.61
"CA-2017-167542",17.54
"US-2015-150231",17.52
"CA-2015-153073",17.50
"US-2017-159562",17.48
"US-2017-123204",17.48
"US-2017-112928",17.48
"CA-2015-100573",17.48
"CA-2017-105053",17.47
"CA-2016-164483",17.46
"CA-2017-129567",17.46
"CA-2014-134061",17.46
"US-2014-117058",17.46
"CA-2015-120551",17.43
"CA-2016-133144",17.34
"CA-2017-122945",17.31
"CA-2016-136434",17.31
"CA-2014-109127",17.28
"CA-2014-104808",17.25
"CA-2014-121167",17.25
"CA-2016-102596",17.18
"US-2015-126235",17.14
"CA-2016-105760",17.12
"CA-2015-153612",17.12
"CA-2015-158918",17.12
"CA-2017-157112",17.10
"CA-2017-143861",17.09
"CA-2015-158323",17.09
"CA-2016-151323",17.05
"CA-2016-154053",16.99
"CA-2017-109211",16.98
"CA-2016-130029",16.92
"CA-2014-123127",16.78
"CA-2015-155124",16.78
"CA-2016-126613",16.77
"CA-2017-132738",16.75
"CA-2017-115070",16.74
"CA-2016-102134",16.74
"US-2016-150035",16.74
"US-2016-147991",16.72
"US-2015-158911",16.71
"CA-2017-159457",16.68
"CA-2016-138583",16.66
"CA-2015-164833",16.64
"US-2014-157406",16.61
"CA-2017-118668",16.59
"CA-2016-101385",16.56
"CA-2017-163566",16.52
"CA-2014-158064",16.52
"CA-2015-129854",16.52
"CA-2016-151974",16.52
"CA-2016-163951",16.52
"CA-2017-109946",16.52
"CA-2016-166485",16.50
"CA-2014-103800",16.45
"CA-2017-143343",16.40
"US-2014-129609",16.28
"US-2014-107405",16.27
"CA-2017-130834",16.27
"CA-2014-114314",16.23
"CA-2016-118934",16.22
"CA-2014-147914",16.22
"CA-2016-128706",16.19
"CA-2014-107706",16.18
"CA-2017-141747",16.06
"CA-2017-136238",16.03
"CA-2017-154732",16.03
"CA-2017-153339",15.99
"CA-2015-163440",15.98
"CA-2017-109715",15.98
"CA-2017-134439",15.96
"CA-2016-134362",15.94
"CA-2016-123722",15.94
"CA-2017-137456",15.92
"CA-2017-134978",15.92
"CA-2017-139493",15.92
"CA-2016-122392",15.81
"US-2016-157308",15.71
"CA-2016-103037",15.71
"CA-2014-126907",15.70
"CA-2015-156118",15.70
"CA-2015-153220",15.70
"CA-2016-140634",15.65
"US-2016-149790",15.62
"CA-2016-124681",15.58
"CA-2017-161851",15.57
"US-2015-153283",15.56
"CA-2014-129168",15.55
"CA-2016-147970",15.55
"US-2014-167633",15.55
"CA-2014-117016",15.55
"CA-2016-158925",15.55
"CA-2016-119515",15.55
"CA-2017-114412",15.55
"CA-2016-105277",15.53
"CA-2017-165155",15.51
"CA-2015-124268",15.48
"CA-2014-106264",15.39
"CA-2014-143182",15.38
"CA-2014-132542",15.36
"US-2017-118157",15.28
"CA-2014-141299",15.28
"CA-2014-159478",15.24
"CA-2015-130253",15.24
"CA-2017-160962",15.23
"CA-2016-165673",15.23
"CA-2016-126543",15.17
"CA-2017-114552",15.07
"CA-2017-139416",15.01
"CA-2016-137176",15.01
"CA-2015-125178",15.01
"US-2017-119039",14.98
"US-2016-139388",14.96
"CA-2017-145275",14.94
"CA-2015-123505",14.94
"CA-2015-168186",14.94
"CA-2015-113740",14.91
"CA-2016-119445",14.90
"CA-2016-128916",14.89
"CA-2017-126438",14.88
"CA-2015-166338",14.83
"CA-2016-147585",14.82
"US-2017-166394",14.82
"CA-2017-118136",14.80
"CA-2016-151141",14.78
"CA-2017-161984",14.77
"US-2017-135503",14.76
"US-2016-116442",14.76
"CA-2015-141768",14.73
"CA-2016-159653",14.73
"CA-2017-154949",14.73
"CA-2017-137001",14.70
"CA-2014-163013",14.67
"CA-2014-139283",14.67
"CA-2014-100391",14.62
"CA-2016-138688",14.62
"CA-2016-110023",14.62
"CA-2015-162607",14.59
"CA-2014-141355",14.58
"CA-2014-125759",14.56
"CA-2014-114643",14.52
"CA-2015-143532",14.50
"CA-2014-115336",14.48
"CA-2014-125171",14.40
"CA-2016-117912",14.37
"CA-2017-138422",14.35
"CA-2016-112676",14.35
"CA-2017-101273",14.34
"CA-2015-145401",14.30
"CA-2015-131457",14.28
"CA-2017-157651",14.20
"CA-2016-117282",14.16
"CA-2017-112172",14.13
"CA-2016-103128",14.11
"CA-2017-136826",14.02
"US-2017-136707",14.02
"CA-2014-132913",13.97
"CA-2014-157623",13.94
"CA-2015-143602",13.94
"CA-2014-111773",13.92
"CA-2017-125367",13.92
"CA-2014-138198",13.90
"CA-2017-151071",13.90
"CA-2017-118122",13.90
"CA-2015-103723",13.90
"CA-2015-160864",13.85
"CA-2016-144785",13.83
"CA-2014-161249",13.81
"CA-2016-152408",13.78
"CA-2017-103765",13.76
"CA-2017-117695",13.76
"CA-2017-136497",13.71
"CA-2016-110730",13.68
"CA-2015-147011",13.63
"CA-2014-146885",13.62
"US-2016-158708",13.62
"CA-2017-103415",13.59
"CA-2016-109652",13.57
"US-2017-104094",13.48
"US-2017-123463",13.48
"CA-2017-114524",13.47
"CA-2017-105480",13.46
"CA-2014-140004",13.46
"CA-2014-117317",13.44
"CA-2016-136994",13.38
"CA-2014-133270",13.36
"CA-2014-101266",13.36
"US-2016-155404",13.28
"CA-2017-101210",13.15
"CA-2017-117240",13.13
"CA-2015-128958",13.12
"US-2015-164357",13.12
"CA-2015-138457",13.09
"CA-2017-164819",13.05
"US-2016-160206",12.99
"CA-2017-137470",12.96
"CA-2016-115504",12.96
"CA-2016-152520",12.96
"CA-2017-107853",12.96
"CA-2014-164903",12.96
"CA-2016-165820",12.96
"CA-2016-146318",12.96
"CA-2016-124562",12.96
"CA-2014-103401",12.96
"US-2015-120957",12.96
"CA-2016-114895",12.96
"CA-2015-144190",12.96
"CA-2017-157196",12.96
"US-2016-134369",12.96
"CA-2014-138513",12.96
"CA-2016-164896",12.90
"CA-2015-149678",12.88
"CA-2016-141551",12.86
"US-2016-164588",12.84
"CA-2017-165029",12.84
"CA-2015-168767",12.83
"US-2015-120572",12.83
"CA-2014-106054",12.78
"CA-2016-124583",12.78
"CA-2017-101637",12.77
"CA-2017-152961",12.70
"CA-2017-142776",12.68
"US-2015-163783",12.67
"CA-2017-108287",12.67
"CA-2014-152905",12.62
"US-2014-134712",12.62
"CA-2017-130106",12.62
"CA-2015-106215",12.58
"CA-2017-163405",12.51
"CA-2017-100426",12.48
"US-2014-134971",12.46
"CA-2016-125815",12.42
"CA-2017-134418",12.42
"CA-2014-129819",12.39
"CA-2017-126046",12.39
"CA-2015-168277",12.39
"CA-2014-139857",12.35
"US-2016-148957",12.32
"US-2017-146878",12.29
"CA-2015-117898",12.22
"CA-2017-114216",12.19
"US-2017-106579",12.18
"CA-2017-104108",12.16
"CA-2015-116750",12.16
"CA-2015-132633",12.14
"US-2017-127341",12.13
"CA-2016-150889",11.99
"CA-2016-161543",11.96
"CA-2015-163104",11.96
"CA-2016-145009",11.95
"CA-2014-113047",11.85
"CA-2017-150469",11.84
"CA-2016-143441",11.84
"CA-2017-106964",11.81
"CA-2017-137582",11.81
"CA-2014-133543",11.76
"CA-2017-153227",11.76
"CA-2015-161242",11.76
"CA-2015-130554",11.74
"US-2016-131912",11.74
"CA-2015-141754",11.70
"CA-2017-102218",11.70
"CA-2017-144365",11.68
"CA-2016-167290",11.68
"CA-2017-100237",11.68
"CA-2017-110429",11.67
"US-2015-106495",11.67
"US-2017-130603",11.65
"CA-2015-105634",11.65
"CA-2014-155593",11.64
"CA-2016-120180",11.63
"CA-2015-100545",11.61
"CA-2017-133067",11.60
"US-2017-125808",11.56
"CA-2014-120243",11.56
"US-2014-166828",11.56
"CA-2017-142671",11.52
"CA-2017-152079",11.52
"CA-2015-105312",11.48
"CA-2016-162404",11.42
"CA-2014-103744",11.37
"CA-2015-150441",11.36
"US-2017-143028",11.36
"CA-2015-158554",11.35
"CA-2017-147550",11.35
"CA-2016-128258",11.34
"CA-2016-114538",11.33
"US-2016-163258",11.23
"CA-2017-166415",11.22
"CA-2017-133620",11.21
"CA-2017-106355",11.12
"CA-2014-148369",11.12
"CA-2015-116260",11.12
"US-2017-132927",11.09
"CA-2017-105193",11.05
"CA-2016-109911",10.96
"CA-2014-128622",10.95
"CA-2015-128356",10.94
"CA-2014-103527",10.90
"CA-2015-149993",10.90
"CA-2015-165554",10.86
"CA-2016-150343",10.86
"CA-2017-101945",10.82
"CA-2017-162635",10.82
"CA-2017-111808",10.80
"CA-2016-150658",10.78
"CA-2016-145240",10.78
"CA-2017-122028",10.78
"CA-2015-147851",10.75
"CA-2016-143308",10.74
"CA-2015-113222",10.74
"CA-2015-133837",10.74
"CA-2014-121727",10.72
"CA-2017-148992",10.69
"CA-2017-143294",10.69
"US-2017-149006",10.68
"CA-2017-123246",10.64
"CA-2016-158302",10.58
"CA-2015-115168",10.56
"CA-2017-160514",10.56
"CA-2016-155033",10.56
"CA-2016-130078",10.56
"CA-2016-101742",10.53
"CA-2015-124044",10.51
"CA-2016-106621",10.50
"US-2014-105151",10.50
"CA-2015-111990",10.48
"CA-2016-149454",10.44
"US-2017-150847",10.37
"CA-2017-138618",10.37
"CA-2017-160017",10.37
"CA-2015-143700",10.37
"CA-2017-123071",10.37
"CA-2014-108707",10.37
"CA-2017-143455",10.37
"CA-2015-121097",10.37
"CA-2017-117436",10.36
"CA-2015-106362",10.33
"CA-2015-136224",10.27
"US-2017-106796",10.27
"CA-2016-162222",10.27
"CA-2017-136063",10.19
"CA-2017-116113",10.16
"CA-2016-122518",10.08
"CA-2016-116540",10.07
"CA-2016-157714",9.99
"US-2014-112200",9.98
"CA-2016-162348",9.98
"CA-2014-125682",9.96
"CA-2015-125423",9.96
"CA-2015-144890",9.96
"CA-2017-169607",9.96
"CA-2015-169733",9.95
"CA-2014-130092",9.94
"CA-2014-164749",9.91
"CA-2017-163069",9.91
"CA-2017-139444",9.86
"CA-2014-130960",9.84
"US-2016-112970",9.84
"CA-2016-102792",9.84
"CA-2015-169677",9.82
"CA-2017-108000",9.78
"CA-2017-154501",9.78
"CA-2015-101924",9.76
"CA-2016-106306",9.70
"US-2017-156083",9.66
"CA-2016-107475",9.65
"CA-2017-139661",9.64
"US-2014-138835",9.64
"US-2014-121734",9.58
"CA-2016-126935",9.58
"CA-2014-113166",9.57
"CA-2016-154536",9.56
"CA-2016-130050",9.55
"CA-2017-124828",9.55
"CA-2014-115980",9.51
"CA-2016-103163",9.51
"CA-2017-168837",9.46
"CA-2016-137127",9.45
"CA-2017-105445",9.43
"CA-2017-104024",9.41
"CA-2017-137421",9.34
"US-2017-124926",9.32
"US-2014-121566",9.29
"CA-2014-130575",9.26
"CA-2016-112025",9.26
"CA-2016-160136",9.25
"CA-2017-103520",9.25
"CA-2016-164490",9.25
"CA-2015-111234",9.24
"CA-2017-101574",9.24
"CA-2016-116764",9.22
"CA-2015-136378",9.16
"CA-2017-158036",9.10
"CA-2014-134677",9.09
"CA-2014-122567",9.04
"CA-2015-136700",8.96
"CA-2014-124023",8.96
"CA-2014-108182",8.95
"CA-2017-166499",8.94
"CA-2016-168557",8.93
"US-2016-114622",8.90
"CA-2017-129707",8.90
"CA-2017-117156",8.86
"CA-2017-124191",8.86
"CA-2014-165540",8.85
"CA-2016-127250",8.82
"CA-2016-159737",8.81
"CA-2017-159604",8.76
"CA-2014-118276",8.74
"CA-2016-166240",8.71
"US-2014-111171",8.69
"CA-2017-164959",8.67
"CA-2017-158106",8.64
"CA-2014-138737",8.64
"CA-2017-106943",8.64
"CA-2014-140032",8.61
"CA-2015-132136",8.57
"CA-2014-126480",8.56
"US-2017-117331",8.56
"US-2014-166310",8.54
"CA-2014-119466",8.54
"US-2015-118766",8.42
"CA-2017-167080",8.40
"CA-2015-137603",8.40
"CA-2017-103611",8.36
"CA-2015-113971",8.35
"CA-2016-151498",8.32
"CA-2016-124527",8.32
"CA-2014-106719",8.29
"CA-2015-157028",8.28
"US-2016-100405",8.26
"CA-2015-110247",8.23
"CA-2014-133389",8.23
"CA-2015-129042",8.22
"CA-2017-161592",8.10
"CA-2015-146696",8.10
"CA-2015-112522",8.02
"CA-2014-101427",8.02
"CA-2016-161158",8.00
"CA-2017-162474",7.99
"CA-2017-126676",7.98
"US-2014-103338",7.98
"CA-2017-149146",7.97
"CA-2015-157434",7.97
"CA-2016-151169",7.92
"CA-2017-141663",7.92
"CA-2015-155145",7.92
"CA-2016-150007",7.91
"CA-2017-139948",7.90
"CA-2017-113572",7.88
"US-2015-110163",7.88
"CA-2016-120257",7.87
"CA-2014-164910",7.87
"CA-2017-163692",7.86
"CA-2014-167724",7.83
"CA-2017-145310",7.82
"CA-2017-162096",7.80
"CA-2015-168634",7.78
"CA-2017-162250",7.78
"CA-2016-141180",7.76
"CA-2014-123316",7.75
"CA-2017-145660",7.71
"CA-2016-154788",7.71
"CA-2016-101469",7.70
"US-2014-120236",7.68
"CA-2015-113523",7.66
"CA-2014-128538",7.64
"CA-2014-130918",7.63
"US-2017-135230",7.58
"CA-2016-111010",7.56
"CA-2015-156153",7.56
"CA-2015-142041",7.52
"CA-2015-169537",7.50
"CA-2017-107832",7.48
"CA-2016-123617",7.43
"CA-2017-129805",7.40
"CA-2015-125696",7.38
"CA-2016-149482",7.38
"CA-2016-129693",7.31
"CA-2015-160696",7.24
"US-2014-128685",7.18
"CA-2016-105018",7.16
"CA-2014-156601",7.16
"CA-2016-106341",7.15
"CA-2015-169299",7.15
"CA-2015-151785",7.10
"CA-2014-130869",7.08
"CA-2016-117625",7.07
"CA-2017-127264",7.06
"CA-2016-127985",7.04
"CA-2017-140536",7.04
"US-2015-112508",6.99
"CA-2016-130799",6.96
"CA-2014-105340",6.93
"CA-2016-117226",6.92
"CA-2015-115399",6.91
"CA-2015-107468",6.85
"US-2015-161466",6.85
"CA-2017-101077",6.85
"CA-2016-132017",6.82
"CA-2014-153619",6.72
"US-2015-105676",6.69
"CA-2017-107552",6.68
"CA-2015-152681",6.68
"US-2016-132857",6.67
"CA-2017-152275",6.67
"CA-2014-148425",6.64
"CA-2015-118948",6.63
"CA-2015-121041",6.61
"CA-2017-110380",6.57
"CA-2014-117478",6.57
"CA-2015-130736",6.57
"US-2017-125213",6.54
"CA-2016-100587",6.48
"CA-2015-137281",6.48
"CA-2016-167584",6.48
"US-2017-127719",6.48
"CA-2016-148201",6.48
"CA-2017-155929",6.37
"CA-2017-158953",6.37
"CA-2015-130855",6.36
"CA-2016-144855",6.30
"CA-2015-160059",6.24
"CA-2017-127712",6.21
"CA-2015-167269",6.21
"CA-2014-116673",6.16
"CA-2016-152800",6.12
"CA-2014-168158",6.10
"CA-2015-136658",6.08
"CA-2014-156993",6.08
"US-2017-102638",6.03
"CA-2017-154718",6.00
"CA-2016-162733",5.98
"CA-2014-141901",5.98
"CA-2017-161823",5.96
"CA-2017-155047",5.95
"CA-2014-146997",5.94
"US-2014-143707",5.94
"CA-2017-106824",5.94
"US-2017-132206",5.94
"CA-2017-152226",5.90
"CA-2015-111864",5.90
"US-2014-158638",5.89
"CA-2014-128062",5.88
"CA-2015-144302",5.79
"CA-2017-154816",5.78
"CA-2014-119529",5.76
"US-2017-107636",5.76
"CA-2015-159590",5.76
"CA-2016-140256",5.76
"CA-2015-127502",5.76
"CA-2015-139290",5.76
"CA-2017-158736",5.76
"CA-2014-111360",5.74
"US-2017-154851",5.72
"US-2017-109484",5.68
"CA-2014-162684",5.68
"CA-2014-159849",5.67
"CA-2017-119669",5.67
"CA-2015-120516",5.64
"US-2017-145863",5.62
"CA-2015-150749",5.56
"CA-2017-169005",5.56
"CA-2016-136049",5.55
"CA-2014-139633",5.48
"CA-2014-145212",5.46
"CA-2017-156412",5.35
"CA-2016-149370",5.34
"CA-2014-103086",5.31
"CA-2016-152331",5.30
"CA-2015-111507",5.28
"CA-2015-109939",5.25
"CA-2017-131632",5.25
"CA-2014-123064",5.25
"CA-2014-160066",5.22
"CA-2017-131653",5.22
"CA-2014-126333",5.18
"US-2014-150924",5.18
"US-2015-104430",5.18
"US-2017-126081",5.18
"CA-2017-133501",5.18
"CA-2017-101665",5.16
"CA-2015-153626",5.16
"CA-2015-113040",5.10
"CA-2016-165470",5.08
"CA-2015-148705",5.04
"CA-2014-136280",5.04
"CA-2016-123015",4.99
"CA-2016-154403",4.98
"CA-2014-165393",4.98
"CA-2015-162544",4.98
"CA-2015-128167",4.96
"CA-2017-111374",4.96
"CA-2015-130995",4.95
"CA-2016-163216",4.93
"CA-2017-126718",4.91
"CA-2017-126774",4.89
"CA-2017-160801",4.84
"US-2016-100419",4.79
"CA-2017-145338",4.77
"US-2014-132745",4.71
"CA-2016-136483",4.70
"CA-2016-106075",4.62
"CA-2014-127488",4.61
"CA-2015-155453",4.61
"CA-2015-110345",4.61
"US-2017-129224",4.61
"CA-2017-133928",4.57
"CA-2017-151218",4.46
"CA-2016-105284",4.42
"CA-2014-152849",4.37
"CA-2017-167017",4.36
"US-2016-148334",4.31
"CA-2017-159135",4.30
"CA-2015-144099",4.30
"CA-2014-159814",4.27
"CA-2017-135167",4.26
"CA-2017-128426",4.24
"CA-2016-149461",4.18
"US-2016-128195",3.98
"CA-2014-133963",3.98
"CA-2016-138933",3.98
"CA-2014-100328",3.93
"CA-2014-123253",3.91
"US-2015-141453",3.88
"CA-2017-162880",3.86
"CA-2017-106047",3.82
"CA-2016-125920",3.80
"CA-2014-119032",3.76
"CA-2015-119592",3.76
"CA-2017-102554",3.76
"US-2016-158309",3.74
"US-2016-104794",3.68
"CA-2016-132899",3.64
"CA-2016-105291",3.62
"CA-2017-154466",3.60
"CA-2015-142692",3.59
"CA-2015-156608",3.59
"CA-2015-133494",3.55
"CA-2016-163636",3.54
"US-2017-120649",3.52
"CA-2015-125710",3.44
"CA-2015-133977",3.44
"CA-2015-104059",3.42
"CA-2015-107741",3.41
"CA-2015-149384",3.37
"CA-2017-146367",3.32
"CA-2017-125640",3.30
"CA-2015-163895",3.30
"CA-2015-137225",3.28
"CA-2016-145499",3.28
"US-2016-162103",3.14
"CA-2017-112487",3.13
"CA-2017-155936",3.04
"CA-2017-156720",3.02
"CA-2015-161795",3.01
"CA-2016-111409",3.00
"CA-2015-160787",2.95
"US-2014-134187",2.94
"CA-2014-154186",2.92
"CA-2016-163202",2.91
"CA-2017-109778",2.91
"CA-2017-154214",2.91
"US-2017-162208",2.90
"CA-2017-159107",2.88
"CA-2014-151953",2.82
"US-2017-168690",2.81
"CA-2015-126970",2.81
"CA-2017-107293",2.78
"CA-2017-159954",2.78
"US-2015-149692",2.77
"CA-2016-108567",2.69
"CA-2017-152205",2.66
"CA-2014-115973",2.62
"CA-2017-148012",2.62
"CA-2016-111605",2.61
"CA-2014-126277",2.50
"US-2016-158680",2.50
"US-2014-112564",2.50
"CA-2015-126466",2.48
"US-2015-161347",2.41
"CA-2014-101147",2.39
"CA-2017-102267",2.37
"CA-2017-168900",2.31
"CA-2017-101728",2.30
"CA-2016-134691",2.30
"CA-2017-156391",2.22
"CA-2016-113600",2.21
"US-2016-131891",2.21
"CA-2017-145093",2.11
"US-2017-153633",2.06
"US-2015-160150",2.03
"CA-2017-160045",1.99
"CA-2016-108644",1.96
"CA-2016-146521",1.94
"CA-2017-169817",1.91
"CA-2014-101770",1.87
"CA-2017-121678",1.82
"CA-2017-166933",1.81
"CA-2016-108364",1.80
"CA-2017-125878",1.79
"US-2017-139955",1.74
"CA-2015-150413",1.72
"US-2017-155299",1.62
"CA-2017-165099",1.39
"CA-2017-106691",1.25
"US-2017-162068",1.19
"CA-2014-112718",1.17
"CA-2015-146829",1.11
"US-2017-100209",1.08
"US-2014-152723",0.88
"CA-2014-112403",0.85
"CA-2016-168361",0.84
"CA-2017-124114",0.56
